produto_id;arvore_id;regra_id
2;110;7
3;101;6
4;110;7
5;110;7
6;110;7
7;171;9
8;168;8
9;110;7
10;101;6
11;171;9
13;101;6
15;101;6
17;110;7
18;110;7
19;110;7
20;110;7
21;110;7
23;110;7
24;101;6
25;171;9
26;101;6
27;110;7
28;110;7
29;101;6
30;101;6
35;101;6
36;101;6
37;101;6
38;110;7
39;101;6
40;101;6
41;171;9
42;171;9
44;101;6
45;101;6
46;110;7
47;110;7
48;193;11
49;110;7
50;101;6
51;168;8
52;171;9
53;110;7
55;101;6
56;110;7
57;101;6
58;110;7
59;101;6
60;110;7
62;110;7
63;110;7
64;101;6
65;101;6
66;171;9
67;110;7
68;101;6
69;110;7
70;101;6
71;110;7
72;110;7
73;110;7
74;101;6
75;171;9
76;171;9
77;171;9
78;101;6
79;101;6
80;110;7
81;110;7
82;101;6
84;101;6
85;110;7
86;101;6
87;101;6
89;171;9
91;101;6
92;110;7
93;101;6
94;110;7
95;171;9
96;171;9
97;171;9
98;110;7
99;110;7
100;110;7
101;110;7
102;110;7
103;171;9
104;110;7
105;101;6
106;101;6
108;110;7
110;101;6
111;101;6
112;101;6
114;171;9
115;101;6
116;110;7
117;110;7
118;101;6
120;110;7
123;110;7
124;110;7
125;101;6
126;101;6
127;110;7
128;101;6
129;101;6
130;110;7
131;101;6
132;101;6
133;110;7
134;110;7
135;101;6
137;101;6
139;101;6
140;110;7
141;101;6
142;110;7
145;110;7
146;110;7
148;110;7
149;101;6
150;168;8
151;171;9
152;171;9
153;101;6
154;110;7
155;101;6
156;110;7
157;110;7
158;110;7
159;101;6
160;101;6
161;101;6
162;101;6
163;101;6
164;101;6
165;101;6
166;101;6
167;110;7
168;171;9
169;110;7
170;101;6
171;101;6
172;110;7
173;101;6
174;101;6
176;110;7
177;101;6
178;101;6
179;171;9
180;171;9
181;110;7
182;101;6
183;101;6
184;171;9
185;110;7
186;101;6
187;101;6
188;110;7
189;101;6
190;101;6
191;171;9
192;171;9
193;110;7
194;101;6
195;101;6
196;110;7
197;101;6
198;101;6
199;101;6
200;171;9
201;171;9
204;101;5
204;110;5
205;171;9
206;101;6
207;110;7
208;101;6
209;110;7
210;171;9
211;171;9
212;101;6
213;168;8
214;171;9
215;110;7
216;101;6
217;101;6
218;110;7
219;110;7
220;101;6
221;101;6
222;110;7
223;101;6
225;110;7
226;101;6
227;101;6
228;110;7
229;101;6
230;110;7
231;101;6
232;110;7
233;171;9
234;171;9
235;101;6
236;101;6
237;101;6
238;110;7
239;110;7
241;110;7
242;110;7
243;101;6
245;171;9
246;110;7
247;171;9
248;110;7
249;101;6
250;110;7
251;101;6
252;171;9
253;101;6
254;101;6
255;101;6
256;101;6
257;171;9
258;110;7
259;110;7
261;110;7
262;171;9
264;101;6
265;110;7
266;101;6
267;101;6
268;101;6
269;101;6
270;171;9
271;110;7
272;101;6
273;101;6
274;101;6
278;101;6
280;110;7
281;110;7
282;101;6
283;101;6
284;101;6
285;101;6
289;101;6
291;110;7
292;101;6
294;101;6
295;110;7
296;101;6
297;101;6
298;110;7
299;101;6
300;110;7
301;101;6
302;110;7
303;101;6
304;110;7
305;110;7
308;101;6
309;101;6
310;110;7
316;101;6
317;101;6
318;110;7
319;101;6
320;110;7
323;101;6
324;110;7
327;110;7
329;110;7
330;101;6
331;110;7
333;101;6
334;101;6
335;101;6
336;101;6
337;101;6
338;110;7
339;101;6
341;101;6
342;101;6
343;101;6
345;110;7
346;101;6
347;171;9
348;171;9
349;171;9
350;171;9
351;171;9
352;171;9
353;110;7
354;110;7
355;110;7
356;110;7
357;101;6
358;101;6
359;101;6
360;110;7
361;101;6
362;110;7
363;101;6
364;110;7
365;101;6
366;110;7
367;101;6
368;110;7
369;110;7
370;101;6
371;110;7
372;110;7
373;101;6
374;101;6
376;101;6
377;110;7
378;110;7
379;171;9
381;171;9
382;110;7
383;110;7
384;110;7
385;101;6
386;101;6
387;171;9
390;110;7
391;101;6
392;101;6
393;171;9
394;171;9
395;101;5
395;110;5
398;110;7
399;110;7
400;101;6
401;101;6
402;101;6
403;101;6
404;110;7
405;101;6
406;101;6
407;110;7
408;101;6
409;101;6
410;110;7
411;101;6
412;110;7
413;101;6
414;171;9
417;101;6
418;110;7
421;110;7
422;110;7
425;110;7
428;101;6
429;101;6
430;101;6
431;101;6
432;101;6
433;171;9
434;110;7
435;101;6
436;101;6
437;171;9
438;110;7
440;101;6
441;168;8
443;101;6
444;110;7
445;110;7
446;101;6
447;171;9
448;101;6
449;101;6
450;110;7
451;110;7
452;101;6
453;101;6
455;110;7
456;110;7
457;110;7
458;101;6
459;101;6
460;101;6
461;171;9
462;171;9
463;171;9
464;171;9
469;171;9
470;101;6
471;110;7
472;110;7
473;101;6
474;110;7
475;101;6
476;110;7
477;101;6
478;101;6
479;110;7
480;101;6
481;171;9
483;110;7
484;110;7
485;101;6
486;110;7
487;101;6
488;101;6
489;110;7
490;110;7
491;101;6
492;101;6
493;171;9
494;171;9
495;110;7
496;171;9
497;171;9
498;171;9
499;110;7
500;101;6
501;101;6
502;110;7
503;171;9
507;110;7
508;101;6
509;101;6
510;110;7
511;101;6
512;101;6
513;171;9
514;171;9
515;110;7
516;101;6
517;101;6
518;171;9
519;110;7
520;101;6
521;101;6
522;168;8
523;171;9
525;101;6
526;110;7
527;101;6
528;110;7
529;101;6
530;110;7
531;171;9
532;110;7
533;110;7
534;101;6
535;171;9
536;110;7
537;101;6
538;171;9
539;110;7
540;101;6
541;171;9
544;171;9
545;110;7
546;101;6
547;110;7
548;101;6
549;110;7
550;101;6
551;101;6
552;110;7
553;110;7
554;101;6
555;110;7
556;110;7
557;101;6
558;101;6
559;110;7
560;110;7
561;101;6
562;101;6
563;110;7
564;110;7
565;101;6
566;101;6
567;101;6
568;101;6
571;101;6
572;110;7
573;110;7
574;101;6
576;110;7
577;171;9
578;168;8
581;171;9
583;101;6
584;110;7
585;110;7
586;101;6
588;110;7
589;101;6
591;110;7
592;101;6
593;101;6
594;101;6
597;171;9
602;101;6
603;101;6
605;101;6
606;101;6
607;110;7
608;110;7
609;110;7
610;110;7
611;110;7
612;110;7
613;110;7
614;101;6
615;101;6
616;110;7
617;110;7
621;110;7
623;101;6
624;171;9
625;168;8
627;110;7
628;110;7
629;168;8
632;101;6
634;110;7
635;101;6
636;101;6
637;110;7
642;171;9
643;110;7
644;101;6
645;110;7
646;171;9
647;171;9
648;168;8
649;110;7
651;171;9
652;101;6
653;110;7
654;110;7
655;110;7
656;171;9
657;101;6
658;110;7
659;110;7
660;110;7
661;110;7
662;101;6
665;171;9
666;171;9
667;101;6
668;101;6
669;101;6
670;101;6
671;110;7
676;110;7
677;101;6
678;101;6
681;101;6
682;101;6
683;101;6
684;101;6
685;101;6
686;101;6
687;101;6
688;110;7
690;103;12
691;103;12
692;103;12
693;103;12
696;103;12
697;103;12
698;103;12
702;103;12
703;103;12
704;103;12
707;103;12
709;103;12
710;103;12
712;103;12
713;103;12
714;103;12
715;103;12
716;113;13
718;113;13
719;103;12
720;103;12
725;103;12
726;103;12
727;103;12
728;103;12
729;103;12
730;103;12
731;103;12
732;103;12
733;103;12
734;103;12
735;103;12
736;103;12
737;103;12
738;103;12
741;103;12
743;113;13
744;103;12
745;103;12
746;103;12
747;103;12
751;103;12
754;113;13
756;103;12
759;103;12
760;103;12
761;103;12
762;103;12
763;103;12
764;103;12
765;103;12
766;103;12
767;103;12
768;103;12
769;103;12
770;103;12
772;103;12
773;103;12
774;103;12
775;103;12
778;103;12
779;103;12
780;103;12
781;103;12
783;103;12
784;103;12
785;103;12
786;103;12
792;103;12
793;103;12
794;103;12
795;103;12
796;103;12
797;103;12
799;103;12
800;103;12
803;103;12
804;103;12
805;103;12
806;103;12
807;103;12
808;103;12
809;103;12
811;103;12
813;104;39
814;104;39
815;104;39
816;104;39
817;104;39
818;104;39
819;104;39
820;104;39
821;104;39
822;104;39
823;104;39
824;104;39
825;104;39
826;104;39
827;104;39
828;104;39
829;104;39
830;104;39
831;104;39
834;121;40
836;121;40
845;121;40
849;121;40
851;121;40
852;121;40
853;121;40
859;121;40
860;121;40
863;121;40
865;121;40
869;121;40
870;121;40
876;121;40
878;121;40
879;121;40
881;121;40
884;121;40
885;121;40
887;121;40
890;121;40
891;121;40
894;121;40
898;121;40
901;121;40
902;121;40
903;121;40
904;121;40
906;121;40
910;121;40
914;121;40
926;121;40
927;121;40
928;121;40
935;121;40
941;121;40
942;120;41
943;120;41
944;120;41
945;120;41
946;120;41
947;120;41
948;108;32
951;108;32
952;110;33
953;108;32
954;110;33
958;110;33
959;108;32
960;110;33
961;108;32
962;108;32
963;108;32
964;110;33
965;108;32
966;108;32
967;110;33
968;110;33
969;108;32
970;110;33
971;108;32
972;108;32
973;108;32
974;108;32
975;110;33
976;108;32
977;108;32
978;108;32
979;110;33
980;108;32
981;108;32
982;108;32
983;108;32
984;108;32
985;108;32
986;110;33
987;110;33
988;108;32
989;108;32
990;110;33
991;108;32
992;108;32
993;110;33
994;108;32
995;108;32
996;108;32
997;110;33
998;108;32
999;108;32
1000;108;32
1001;108;32
1002;110;33
1003;108;32
1004;108;32
1005;108;32
1006;110;33
1007;108;32
1008;108;32
1009;110;33
1010;110;33
1011;108;32
1012;108;32
1013;110;33
1014;108;32
1015;108;32
1016;108;32
1017;108;32
1018;108;32
1019;108;32
1020;108;32
1021;108;32
1022;110;33
1023;110;33
1024;110;33
1025;110;33
1026;108;32
1027;108;32
1028;108;32
1029;108;32
1030;110;33
1031;108;32
1032;108;32
1033;108;32
1034;110;33
1035;108;32
1036;110;33
1037;108;32
1038;110;33
1039;108;32
1040;108;32
1041;110;33
1042;110;33
1043;108;32
1044;110;33
1045;108;32
1046;108;32
1047;110;33
1048;108;32
1049;108;32
1050;108;32
1051;110;33
1052;110;33
1053;108;32
1054;108;32
1055;108;32
1056;110;33
1057;110;33
1058;110;33
1059;108;32
1060;110;33
1061;108;32
1062;110;33
1063;108;32
1064;110;33
1065;108;32
1066;108;32
1067;108;32
1068;110;33
1069;108;32
1070;110;33
1071;108;32
1072;108;32
1073;110;33
1074;108;32
1075;110;33
1076;108;32
1077;108;32
1078;108;32
1079;110;33
1080;108;32
1081;108;32
1082;108;32
1085;108;32
1086;108;32
1087;108;32
1088;108;32
1089;108;32
1090;108;32
1091;108;32
1092;108;32
1093;110;33
1094;108;32
1098;108;32
1099;110;33
1100;108;32
1101;108;32
1102;108;32
1103;110;33
1104;110;33
1105;108;32
1106;108;32
1107;108;32
1108;108;32
1109;110;33
1110;110;33
1111;110;33
1112;110;33
1113;110;33
1114;108;32
1115;108;32
1116;108;32
1117;110;33
1118;108;32
1119;108;32
1120;108;32
1121;110;33
1122;108;32
1123;110;33
1124;102;34
1125;102;34
1126;102;34
1127;111;35
1128;102;34
1129;102;34
1130;111;35
1131;102;34
1132;102;34
1133;111;35
1134;102;34
1135;102;34
1136;102;34
1138;111;35
1139;111;35
1141;102;34
1145;111;35
1146;102;34
1147;102;34
1148;111;35
1150;102;34
1151;111;35
1152;111;35
1153;102;34
1155;102;34
1156;102;34
1157;102;34
1158;111;35
1159;102;34
1160;102;34
1161;111;35
1162;111;35
1163;111;35
1164;102;34
1165;102;34
1166;111;35
1167;111;35
1168;102;34
1169;102;34
1170;102;34
1171;111;35
1172;111;35
1174;102;34
1175;102;34
1176;111;35
1177;102;34
1178;102;34
1179;111;35
1181;102;34
1182;111;35
1183;111;35
1184;102;34
1185;102;34
1187;102;34
1188;102;34
1189;102;34
1190;111;35
1191;102;34
1192;102;34
1193;111;35
1194;102;34
1195;102;34
1196;102;34
1198;111;35
1199;102;34
1201;111;35
1202;102;34
1203;102;34
1204;102;34
1205;102;34
1206;102;34
1208;102;34
1209;102;34
1210;102;34
1214;111;36
1215;102;34
1216;111;35
1217;102;34
1218;111;35
1219;102;34
1220;111;36
1221;102;34
1222;102;34
1223;102;34
1224;102;34
1225;111;36
1226;111;36
1227;102;34
1228;102;34
1229;102;34
1230;102;34
1232;111;36
1233;111;36
1234;111;36
1235;102;34
1237;102;34
1238;102;34
1240;111;35
1242;111;35
1243;102;34
1244;111;35
1245;102;34
1246;111;35
1247;102;34
1248;102;34
1249;102;34
1251;111;35
1252;102;34
1253;102;34
1254;102;34
1255;111;35
1256;111;35
1257;111;35
1258;102;34
1259;102;34
1260;111;35
1261;102;34
1262;102;34
1263;111;35
1264;111;35
1265;102;34
1266;102;34
1267;102;34
1268;111;35
1269;102;34
1270;102;34
1271;102;34
1272;102;34
1273;111;35
1274;111;36
1276;102;34
1277;111;35
1278;102;34
1279;111;35
1280;111;35
1281;111;35
1282;102;34
1283;111;35
1284;111;35
1285;102;34
1286;102;34
1287;102;34
1288;111;35
1289;102;34
1290;111;35
1291;111;36
1292;102;34
1293;102;34
1294;111;36
1295;102;34
1296;102;34
1297;111;35
1298;102;34
1299;111;36
1301;102;34
1302;102;34
1303;111;35
1304;102;34
1305;111;35
1306;102;34
1307;111;36
1308;102;34
1309;102;34
1310;102;34
1311;102;34
1312;102;34
1314;102;34
1316;111;35
1317;102;34
1318;102;34
1319;111;35
1320;111;35
1322;102;34
1324;102;34
1325;102;34
1327;102;34
1328;102;34
1329;102;34
1330;111;35
1331;111;35
1332;111;35
1334;102;34
1337;111;35
1338;111;35
1340;111;35
1344;102;34
1349;102;34
1352;102;34
1354;102;34
1355;111;35
1356;111;35
1357;102;34
1358;102;34
1361;102;34
1362;111;35
1364;102;34
1365;111;35
1366;102;34
1367;102;34
1368;102;34
1369;111;35
1370;111;35
1371;111;35
1372;111;35
1377;102;34
1378;102;34
1380;111;35
1383;111;35
1384;111;35
1385;102;34
1386;102;34
1389;111;35
1392;102;34
1393;111;35
1394;102;34
1395;102;34
1396;102;34
1397;111;35
1398;102;34
1399;111;35
1400;102;34
1401;102;34
1403;102;34
1404;102;34
1405;102;34
1409;102;34
1410;102;34
1411;111;35
1415;111;35
1417;111;35
1418;111;35
1419;102;34
1420;111;35
1421;102;34
1422;102;34
1423;102;34
1425;111;35
1426;111;35
1427;111;35
1428;111;35
1429;111;35
1430;111;35
1443;67;42
1446;68;43
1458;68;43
1465;68;43
1469;68;43
1471;68;43
1480;68;43
1481;68;43
1502;68;43
1504;68;43
1521;107;16
1522;107;16
1523;107;16
1524;107;16
1525;107;16
1526;107;16
1527;107;16
1528;107;16
1529;107;16
1530;107;16
1531;107;16
1532;107;16
1533;116;17
1534;107;16
1535;107;16
1536;107;16
1537;107;16
1538;107;16
1542;107;16
1543;107;16
1544;116;17
1546;107;16
1547;107;16
1548;107;16
1549;107;16
1550;107;16
1551;107;16
1552;107;16
1553;107;16
1554;107;16
1555;107;16
1556;107;16
1557;107;16
1558;107;16
1559;107;16
1560;107;16
1561;107;16
1562;116;17
1564;107;16
1565;107;16
1566;107;16
1567;107;16
1568;107;16
1569;107;16
1570;107;16
1571;107;16
1573;107;16
1575;107;16
1576;107;16
1577;116;17
1578;116;17
1579;116;17
1580;116;17
1581;116;17
1582;107;15
1582;116;15
1583;116;17
1584;107;16
1585;107;16
1586;107;16
1587;107;16
1588;107;16
1589;107;16
1590;107;16
1591;107;16
1592;107;16
1593;107;16
1594;116;17
1595;116;17
1596;116;17
1597;116;17
1598;116;17
1599;116;17
1600;107;16
1601;107;16
1602;107;16
1603;107;16
1604;107;16
1605;107;16
1606;107;16
1607;107;16
1608;107;16
1609;107;16
1610;107;16
1611;107;16
1613;107;16
1614;107;16
1615;107;16
1616;107;16
1618;107;16
1619;107;16
1620;107;16
1621;107;16
1622;107;16
1623;107;16
1624;107;16
1625;107;16
1626;107;16
1627;107;16
1628;107;16
1629;107;16
1630;107;16
1631;107;16
1632;116;17
1633;116;17
1635;116;17
1636;107;16
1637;107;16
1638;107;16
1639;107;16
1640;107;16
1641;107;16
1642;107;16
1643;116;17
1645;107;16
1648;107;16
1649;107;16
1651;107;16
1652;116;17
1653;107;16
1654;107;16
1655;107;16
1656;107;16
1657;107;16
1658;107;16
1659;116;17
1660;116;17
1661;107;16
1662;107;16
1663;107;16
1664;107;16
1665;107;16
1666;107;16
1667;107;16
1668;107;16
1669;116;17
1671;107;16
1672;107;16
1673;107;16
1675;40;21
1676;40;21
1677;40;21
1678;40;21
1679;105;24
1680;105;24
1681;105;24
1682;105;24
1683;105;23
1683;114;23
1684;118;22
1685;40;21
1686;40;21
1687;40;21
1688;40;21
1689;105;24
1690;114;25
1691;114;25
1692;114;25
1693;105;24
1694;105;24
1695;105;24
1696;105;24
1697;114;25
1698;114;25
1699;105;24
1700;105;24
1701;105;24
1702;105;24
1703;105;24
1704;105;24
1705;105;24
1706;114;25
1707;114;25
1708;114;25
1709;114;25
1710;114;25
1711;114;25
1712;105;24
1713;105;24
1714;105;24
1715;105;24
1716;105;24
1717;105;24
1718;105;24
1719;105;24
1720;105;24
1721;105;24
1722;105;24
1723;105;24
1724;105;24
1725;40;21
1726;105;24
1727;105;24
1728;105;24
1729;114;25
1730;114;25
1731;114;25
1732;114;25
1733;114;25
1734;114;25
1735;105;24
1736;105;24
1737;105;24
1738;105;24
1739;108;28
1740;73;27
1741;73;27
1742;73;27
1743;73;27
1744;73;27
1745;40;26
1746;40;26
1747;40;26
1748;108;28
1749;40;26
1750;40;26
1751;40;26
1752;108;28
1753;108;28
1754;108;28
1755;108;28
1756;108;28
1757;108;28
1758;108;28
1759;108;28
1760;108;28
1761;108;28
1762;108;28
1763;108;28
1764;108;28
1765;108;28
1766;108;28
1767;114;29
1768;40;26
1769;108;28
1770;108;28
1771;114;29
1772;73;27
1773;108;28
1774;73;27
1775;40;26
1776;40;26
1777;40;26
1778;40;26
1779;40;26
1780;73;27
1781;73;27
1782;40;26
1783;108;28
1784;108;28
1785;108;28
1786;108;28
1787;108;28
1788;108;28
1789;108;28
1790;108;28
1791;108;28
1792;108;28
1793;108;28
1794;108;28
1795;108;28
1796;108;28
1797;108;28
1798;40;26
1799;114;29
1800;114;29
1801;114;29
1802;73;27
1803;40;26
1804;40;26
1805;40;26
1806;40;26
1807;40;26
1808;40;26
1809;40;26
1810;40;26
1811;40;26
1812;40;26
1813;40;26
1814;108;28
1815;108;28
1816;108;28
1817;108;28
1818;40;26
1819;40;26
1820;40;26
1821;40;26
1822;73;27
1823;40;26
1824;40;26
1825;40;26
1827;40;26
1828;40;26
1829;108;28
1830;73;27
1831;73;27
1832;40;26
1833;108;28
1834;108;28
1835;108;28
1836;108;28
1837;108;28
1838;108;28
1839;108;28
1840;108;28
1841;108;28
1843;40;26
1844;40;26
1845;40;26
1846;40;26
1847;40;26
1848;40;26
1849;108;28
1850;108;28
1851;40;26
1852;40;26
1853;40;26
1854;108;28
1855;108;28
1856;73;27
1857;40;26
1858;40;26
1859;108;28
1860;108;28
1861;101;5
1861;110;5
1864;110;7
1873;101;6
1877;101;6
1879;101;6
1880;110;7
1882;110;7
1883;101;6
1884;110;7
1887;101;6
1888;101;6
1889;110;7
1890;110;7
1891;101;6
1893;101;6
1894;110;7
1896;110;7
1897;110;7
1898;110;7
1900;101;6
1901;101;6
1902;110;7
1904;101;6
1908;110;7
1909;110;7
1911;101;6
1912;110;7
1914;101;6
1915;110;7
1916;101;6
1917;101;6
1918;110;7
1919;110;7
1920;101;6
1921;101;6
1922;101;6
1923;101;6
1924;101;6
1926;110;7
1927;101;6
1928;110;7
1929;101;6
1930;110;7
1931;101;6
1932;101;6
1933;101;6
1934;101;6
1935;110;7
1937;110;7
1938;101;6
1939;110;7
1940;110;7
1943;110;7
1944;110;7
1945;101;6
1946;110;7
1947;110;7
1948;101;6
1949;110;7
1950;110;7
1951;101;6
1952;101;6
1953;101;6
1954;110;7
1955;101;6
1956;110;7
1958;110;7
1959;101;5
1959;110;5
1960;110;7
1961;101;6
1965;101;6
1967;110;7
1968;101;6
1969;110;7
1970;110;7
1972;110;7
1973;101;6
1974;110;7
1975;101;6
1976;101;6
1977;101;6
1978;101;6
1980;101;5
1980;110;5
1981;101;5
1981;110;5
1983;101;5
1983;110;5
1984;101;6
1986;101;6
1987;110;7
1988;101;6
1989;110;7
1991;110;7
1992;110;7
1993;110;7
1997;101;6
1998;110;7
1999;101;6
2000;101;6
2003;110;7
2004;101;6
2005;110;7
2006;101;6
2008;101;6
2010;101;6
2011;101;6
2012;110;7
2013;101;5
2013;110;5
2014;110;7
2016;110;7
2017;101;6
2020;101;6
2022;101;6
2023;101;6
2024;110;7
2025;110;7
2026;101;6
2027;110;7
2028;101;6
2029;110;7
2030;101;6
2031;110;7
2032;110;7
2033;110;7
2034;101;6
2035;110;7
2036;101;6
2038;101;6
2040;101;6
2043;110;7
2044;101;6
2046;101;6
2049;101;6
2050;110;7
2054;101;6
2056;101;6
2057;110;7
2060;110;7
2061;101;6
2063;110;7
2064;101;6
2065;110;7
2066;101;6
2067;110;7
2069;110;7
2070;101;6
2071;110;7
2075;101;6
2076;101;6
2077;101;6
2080;110;7
2081;101;6
2082;101;6
2084;110;7
2085;101;6
2086;110;7
2087;101;6
2088;101;6
2089;110;7
2090;101;6
2092;101;6
2093;101;6
2094;110;7
2096;101;6
2097;110;7
2099;108;32
2100;110;33
2101;108;32
2102;110;33
2103;108;32
2104;171;9
2105;171;9
2106;168;8
2107;171;9
2108;171;9
2109;171;9
2110;171;9
2111;171;9
2112;171;9
2113;171;9
2114;171;9
2115;101;6
2116;110;7
2117;101;6
2118;101;6
2119;110;7
2121;101;6
2123;103;12
2125;103;12
2126;103;12
2127;103;12
2128;103;12
2129;103;12
2130;103;12
2133;103;12
2134;103;12
2138;103;12
2199;111;35
2200;111;35
2201;68;43
2202;68;43
2203;68;43
2204;68;43
2205;68;43
2206;68;43
2207;68;43
2208;68;43
2209;68;43
2210;68;43
2211;68;43
2212;68;43
2213;68;43
2214;68;43
2215;68;43
2216;68;43
2217;68;43
2218;68;43
2219;68;43
2220;68;43
2221;68;43
2222;68;43
2225;68;43
2226;68;43
2227;68;43
2228;68;43
2229;68;43
2230;68;43
2231;68;43
2232;68;43
2233;68;43
2234;68;43
2235;68;43
2236;68;43
2237;68;43
2238;68;43
2239;68;43
2240;68;43
2241;68;43
2242;68;43
2243;68;43
2244;68;43
2245;68;43
2247;171;9
2249;171;9
2251;171;9
2253;171;9
2254;103;12
2255;103;12
2258;101;6
2259;110;7
2260;101;6
2261;108;28
2262;108;28
2263;108;28
2264;108;28
2265;108;28
2266;108;28
2269;104;39
2270;104;39
2271;120;41
2272;120;41
2273;120;41
2274;120;41
2276;107;16
2277;107;16
2278;107;16
2279;107;16
2280;107;16
2281;120;41
2282;120;41
2283;110;7
2284;110;7
2288;101;6
2289;101;6
2290;110;7
2291;110;7
2292;171;9
2293;120;41
2294;104;39
2295;73;27
2296;108;28
2297;108;28
2298;108;28
2299;108;28
2300;108;28
2301;108;28
2302;105;24
2303;108;28
2304;40;26
2305;40;26
2306;108;28
2307;107;16
2308;107;16
2309;107;16
2310;107;16
2311;107;16
2312;107;16
2313;107;16
2314;110;7
2315;101;6
2316;101;6
2317;110;7
2318;101;6
2319;101;6
2320;110;7
2321;101;6
2322;101;6
2323;110;7
2324;110;7
2325;108;32
2327;110;33
2328;108;32
2329;108;32
2330;108;32
2331;110;33
2332;103;12
2333;103;12
2336;101;6
2337;110;7
2338;110;7
2339;101;6
2340;101;6
2341;110;7
2342;110;7
2343;101;6
2344;110;7
2345;101;6
2346;110;7
2347;111;35
2348;111;35
2349;111;35
2350;104;39
2351;120;41
2352;120;41
2353;104;39
2354;104;39
2355;104;39
2356;101;6
2357;101;6
2358;110;7
2361;110;7
2362;110;7
2363;101;6
2364;101;6
2365;110;7
2366;101;6
2367;110;7
2368;101;6
2369;101;6
2370;110;7
2371;68;43
2372;68;43
2373;68;43
2374;107;16
2375;120;41
2377;101;6
2378;101;6
2379;110;7
2380;101;6
2381;101;6
2382;110;7
2383;110;7
2384;101;6
2385;110;7
2386;102;34
2388;104;39
2389;104;39
2390;120;41
2391;120;41
2392;107;16
2393;101;6
2394;101;6
2395;110;7
2396;101;6
2397;101;6
2398;110;7
2401;110;7
2402;101;6
2403;101;6
2404;110;7
2405;101;6
2406;101;6
2408;101;6
2409;101;6
2410;110;7
2411;110;7
2412;108;32
2413;101;6
2414;101;6
2415;108;32
2416;108;32
2417;103;12
2418;103;12
2419;108;32
2420;108;32
2421;108;32
2422;104;39
2423;104;39
2431;101;6
2432;101;6
2433;110;7
2434;101;6
2435;104;39
2436;104;39
2437;120;41
2438;120;41
2439;104;39
2440;104;39
2444;120;41
2445;101;6
2446;110;7
2448;103;12
2449;103;12
2450;103;12
2451;103;12
2452;108;32
2453;108;32
2454;108;32
2455;108;32
2456;108;32
2457;108;32
2458;110;33
2459;108;32
2460;108;32
2461;111;35
2462;111;35
2463;111;35
2464;101;6
2465;110;7
2466;101;6
2467;101;6
2468;110;7
2469;107;16
2470;116;17
2471;107;16
2472;107;16
2473;107;16
2474;107;16
2475;107;16
2476;107;16
2477;107;16
2478;107;16
2479;107;16
2480;107;16
2482;107;16
2483;110;7
2484;101;6
2485;101;6
2486;40;26
2487;101;6
2488;104;39
2489;120;41
2490;104;39
2491;104;39
2492;120;41
2493;120;41
2494;104;39
2495;104;39
2496;104;39
2497;104;39
2506;120;41
2507;120;41
2508;120;41
2509;120;41
2510;120;41
2511;120;41
2512;120;41
2513;120;41
2514;104;39
2515;121;14
2516;121;14
2517;121;14
2518;104;39
2519;171;9
2522;171;9
2523;114;29
2524;108;28
2525;108;28
2526;108;28
2527;108;28
2528;108;28
2531;104;39
2532;104;39
2533;110;7
2534;101;6
2535;101;6
2536;101;6
2537;101;6
2538;110;7
2540;110;7
2541;110;7
2542;103;12
2543;103;12
2545;101;6
2546;101;6
2548;110;7
2549;110;7
2550;101;6
2551;110;7
2554;101;6
2555;101;6
2556;101;6
2557;101;6
2558;68;43
2559;108;32
2560;110;33
2562;68;43
2565;68;43
2568;101;6
2569;101;6
2570;110;7
2571;171;9
2572;110;7
2573;101;6
2574;101;6
2575;110;7
2614;101;6
2615;101;6
2616;110;7
2620;101;6
2621;101;6
2622;110;7
2623;110;7
2624;101;6
2625;104;39
2626;104;39
2627;104;39
2628;104;39
2631;121;14
2632;121;14
2633;121;14
2634;121;14
2635;107;16
2636;108;28
2639;68;43
2640;68;43
2643;68;43
2647;68;43
2649;68;43
2650;68;43
2651;110;33
2652;110;33
2653;108;32
2654;110;33
2655;110;33
2656;110;33
2657;108;32
2658;108;32
2659;110;33
2660;110;33
2661;110;33
2662;110;33
2663;108;32
2664;110;33
2665;110;33
2666;110;33
2667;108;32
2668;110;33
2669;108;32
2670;108;32
2671;110;33
2672;108;32
2673;108;32
2674;108;32
2676;111;35
2679;77;38
2680;77;38
2681;77;38
2683;77;38
2684;77;38
2685;77;38
2687;77;38
2688;77;38
2689;77;38
2690;77;38
2691;77;38
2692;77;38
2693;77;38
2694;77;38
2695;77;38
2696;77;38
2697;77;38
2698;77;38
2699;77;38
2700;77;38
2701;77;38
2702;77;38
2704;77;38
2705;77;38
2706;77;38
2707;77;38
2708;77;38
2709;77;38
2710;77;38
2711;77;38
2712;77;38
2713;77;38
2714;77;38
2715;77;38
2716;77;38
2717;77;38
2718;77;38
2719;77;38
2720;77;38
2721;77;38
2722;77;38
2723;77;38
2724;77;38
2725;77;38
2726;77;38
2727;77;38
2728;77;38
2729;77;38
2730;77;38
2731;77;38
2732;77;38
2733;77;38
2734;77;38
2735;77;38
2736;77;38
2737;77;38
2738;77;38
2739;77;38
2740;77;38
2741;77;38
2742;77;38
2743;77;38
2744;77;38
2745;77;38
2746;77;38
2747;77;38
2748;77;38
2749;77;38
2750;77;38
2751;77;38
2752;77;38
2753;77;38
2754;77;38
2755;77;38
2756;77;38
2757;77;38
2759;77;38
2760;77;38
2761;77;38
2762;77;38
2763;77;38
2764;77;38
2765;77;38
2766;77;38
2767;77;38
2768;77;38
2769;77;38
2770;77;38
2771;77;38
2772;77;38
2773;77;38
2774;77;38
2775;77;38
2776;77;38
2777;77;38
2778;77;38
2779;77;38
2780;77;38
2781;77;38
2782;77;38
2783;77;38
2784;77;38
2785;77;38
2786;77;38
2787;77;38
2788;77;38
2789;77;38
2790;77;38
2791;77;38
2792;77;38
2793;77;38
2795;77;38
2796;77;38
2797;77;38
2798;77;38
2799;77;38
2800;77;38
2801;77;38
2802;77;38
2803;77;38
2804;77;38
2805;77;38
2806;77;38
2807;77;38
2808;77;38
2809;77;38
2811;77;38
2812;77;38
2813;77;38
2814;77;38
2815;77;38
2816;77;38
2817;77;38
2818;77;38
2819;77;38
2820;77;38
2821;77;38
2822;77;38
2823;77;38
2824;77;38
2825;77;38
2826;77;38
2827;77;38
2828;77;38
2829;77;38
2830;77;38
2831;77;38
2832;77;38
2833;77;38
2834;77;38
2835;77;38
2836;77;38
2837;77;38
2838;77;38
2840;77;38
2841;77;38
2842;77;38
2843;77;38
2844;77;38
2845;77;38
2846;77;38
2848;77;38
2849;77;38
2850;77;38
2851;77;38
2852;77;38
2853;77;38
2854;77;38
2855;77;38
2856;77;38
2857;77;38
2858;77;38
2859;77;38
2860;77;38
2861;77;38
2862;77;38
2863;77;38
2864;77;38
2865;77;38
2866;77;38
2867;77;38
2868;77;38
2869;77;38
2870;77;38
2871;77;38
2872;77;38
2873;77;38
2874;77;38
2875;77;38
2876;77;38
2877;77;38
2878;77;38
2879;77;38
2880;77;38
2881;77;38
2882;77;38
2883;77;38
2884;77;38
2885;77;38
2886;77;38
2887;77;38
2888;77;38
2889;77;38
2890;77;38
2891;77;38
2892;77;38
2893;77;38
2894;77;38
2895;77;38
2896;77;38
2898;77;38
2899;77;38
2900;77;38
2902;77;38
2903;77;38
2904;77;38
2905;77;38
2906;77;38
2907;77;38
2908;77;38
2909;77;38
2910;77;38
2911;77;38
2912;77;38
2913;77;38
2914;77;38
2915;77;38
2916;77;38
2917;77;38
2918;77;38
2919;77;38
2920;77;38
2921;77;38
2922;77;38
2923;77;38
2924;77;38
2925;77;38
2926;77;38
2927;77;38
2928;77;38
2930;77;38
2931;77;38
2932;77;38
2933;77;38
2934;77;38
2936;77;38
2937;77;38
2938;77;38
2939;77;38
2940;77;38
2941;77;38
2942;77;38
2943;77;38
2944;77;38
2945;77;38
2946;77;38
2947;77;38
2948;77;38
2949;77;38
2950;77;38
2951;77;38
2952;77;38
2953;77;38
2954;77;38
2955;77;38
2956;77;38
2957;77;38
2958;77;38
2959;77;38
2960;77;38
2961;77;38
2962;77;38
2963;77;38
2964;77;38
2965;77;38
2966;77;38
2967;104;39
2968;104;39
2969;104;39
2970;104;39
2971;120;41
2972;120;41
2973;120;41
2974;120;41
2975;120;41
2976;120;41
2977;120;41
2978;120;41
2979;121;40
2980;121;40
2981;121;40
2982;121;40
2983;121;40
2984;121;40
2985;121;40
2986;121;40
2987;121;40
2988;121;40
2989;121;40
2990;121;40
2991;121;40
2992;121;40
2993;121;40
2994;121;40
2995;121;40
2996;103;12
2997;103;12
2998;103;12
2999;103;12
3000;103;12
3001;103;12
3002;103;12
3003;103;12
3004;103;12
3005;103;12
3006;103;12
3007;103;12
3008;103;12
3009;103;12
3010;103;12
3011;103;12
3012;38;1
3017;168;2
3018;110;7
3028;168;8
3029;171;9
3034;177;10
3039;171;9
3040;168;8
3041;168;8
3042;168;8
3043;193;11
3044;171;9
3045;171;9
3047;168;8
3048;168;8
3050;168;8
3055;171;9
3056;193;11
3060;103;12
3062;103;12
3063;103;12
3064;107;15
3064;116;15
3065;68;43
3067;68;43
3068;68;43
3069;68;43
3070;68;43
3071;101;6
3072;101;6
3073;110;7
3074;110;7
3075;101;6
3076;101;6
3077;110;7
3078;110;7
3079;102;34
3080;102;34
3081;102;34
3082;103;12
3083;102;34
3084;102;34
3085;102;34
3086;103;12
3087;103;12
3088;102;34
3089;103;12
3090;103;12
3091;103;12
3092;103;12
3095;111;35
3096;111;35
3097;68;43
3101;111;35
3103;103;12
3104;103;12
3108;68;43
3109;68;43
3111;68;43
3112;108;28
3113;108;28
3114;40;26
3115;108;28
3116;108;28
3117;108;28
3118;108;28
3119;108;28
3121;101;6
3122;101;6
3123;110;7
3124;101;6
3125;110;7
3126;110;7
3127;101;6
3128;101;6
3129;110;33
3130;108;32
3131;108;32
3132;108;32
3133;110;33
3134;108;32
3135;108;32
3136;110;33
3137;108;32
3138;108;32
3139;104;39
3140;110;33
3141;108;32
3142;108;32
3143;121;40
3144;107;16
3145;107;16
3146;107;16
3147;107;16
3148;107;16
3149;107;16
3150;107;16
3151;107;16
3153;114;29
3154;108;28
3155;108;28
3156;68;43
3157;68;43
3162;116;17
3163;116;17
3164;107;16
3165;107;16
3166;107;16
3167;104;39
3168;104;39
3169;104;39
3173;104;39
3174;104;39
3175;121;40
3176;121;40
3179;103;12
3180;103;12
3181;103;12
3182;103;12
3183;102;34
3184;111;35
3185;102;34
3188;104;39
3189;104;39
3190;114;29
3191;108;28
3192;114;29
3193;108;28
3194;103;12
3195;103;12
3196;103;12
3197;103;12
3198;108;28
3199;108;28
3200;114;29
3202;101;6
3203;101;6
3204;110;7
3205;110;7
3206;101;6
3207;101;6
3208;110;7
3209;101;6
3210;101;6
3212;110;7
3213;110;7
3214;101;6
3215;108;28
3216;107;16
3217;107;16
3218;104;39
3219;120;41
3220;101;6
3221;102;34
3222;102;34
3223;102;34
3224;68;43
3225;68;43
3226;68;43
3227;116;17
3228;108;28
3229;104;39
3230;121;40
3231;120;41
3232;120;41
3233;107;16
3234;107;16
3235;107;16
3236;107;16
3237;107;16
3238;104;39
3239;104;39
3240;110;7
3241;101;6
3242;101;6
3244;114;29
3245;114;29
3246;114;29
3247;110;7
3248;104;39
3249;107;16
3250;104;39
3251;104;39
3252;108;28
3253;108;28
3254;107;15
3254;116;15
3255;116;17
3256;108;32
3257;108;32
3258;108;32
3259;108;32
3260;108;32
3261;108;32
3262;110;33
3263;110;33
3264;68;43
3265;110;33
3266;110;33
3267;108;28
3268;108;28
3269;110;33
3270;108;32
3271;110;33
3272;108;32
3273;108;32
3274;110;7
3275;110;7
3276;101;6
3277;110;7
3278;101;6
3279;110;7
3280;110;7
3283;116;17
3284;108;32
3285;110;33
3286;110;33
3287;110;33
3288;110;33
3289;101;6
3290;101;6
3291;110;7
3292;110;7
3293;110;7
3294;110;7
3295;110;7
3296;110;7
3297;110;33
3298;110;33
3299;108;32
3300;102;34
3301;107;16
3303;110;7
3304;101;6
3305;120;41
3306;120;41
3307;120;41
3308;104;39
3309;68;43
3310;68;43
3311;68;43
3312;68;43
3313;104;39
3314;104;39
3315;104;39
3316;40;26
3317;40;26
3318;40;26
3319;40;26
3320;40;26
3321;40;26
3322;108;28
3323;108;28
3324;103;12
3326;131;37
3327;131;37
3328;131;37
3329;131;37
3330;131;37
3331;131;37
3332;131;37
3333;131;37
3334;131;37
3335;131;37
3336;131;37
3337;131;37
3338;131;37
3341;131;37
3342;131;37
3343;131;37
3344;131;37
3345;131;37
3346;131;37
3347;131;37
3348;131;37
3349;131;37
3350;131;37
3351;131;37
3352;131;37
3353;131;37
3354;131;37
3357;131;37
3358;131;37
3359;131;37
3360;131;37
3361;131;37
3362;131;37
3363;131;37
3364;131;37
3365;131;37
3366;131;37
3367;131;37
3368;131;37
3369;131;37
3370;131;37
3371;131;37
3372;131;37
3373;131;37
3374;131;37
3375;131;37
3376;131;37
3377;131;37
3378;131;37
3379;131;37
3380;131;37
3381;131;37
3382;131;37
3383;131;37
3384;131;37
3385;131;37
3386;131;37
3387;131;37
3388;131;37
3389;131;37
3390;131;37
3391;131;37
3392;131;37
3393;131;37
3394;131;37
3395;131;37
3396;131;37
3397;131;37
3398;131;37
3399;131;37
3400;131;37
3401;131;37
3402;131;37
3403;131;37
3404;131;37
3405;131;37
3406;131;37
3407;131;37
3408;131;37
3409;131;37
3410;131;37
3411;131;37
3412;131;37
3413;131;37
3414;131;37
3415;131;37
3416;131;37
3417;131;37
3418;116;17
3419;116;17
3420;107;16
3421;107;16
3422;107;16
3423;107;16
3425;103;12
3426;103;12
3427;103;12
3428;114;29
3429;114;29
3430;108;28
3431;114;25
3433;40;26
3434;40;26
3435;40;26
3436;40;26
3437;73;27
3438;73;27
3439;171;9
3440;171;9
3441;171;9
3442;168;8
3443;110;7
3445;101;6
3447;110;7
3448;101;5
3448;110;5
3449;101;6
3450;108;28
3451;114;29
3452;114;29
3453;114;29
3454;102;34
3455;111;35
3456;111;35
3458;108;28
3459;108;28
3460;114;29
3461;108;28
3462;108;28
3463;108;28
3464;110;33
3465;108;32
3466;108;32
3467;110;33
3468;108;32
3469;110;33
3470;110;33
3471;108;32
3472;108;32
3473;103;12
3474;103;12
3475;108;32
3476;108;32
3477;108;32
3478;108;32
3486;67;42
3487;110;33
3488;108;32
3489;110;33
3491;68;43
3492;68;43
3493;103;12
3494;103;12
3495;103;12
3496;103;12
3497;116;17
3498;107;16
3499;107;16
3500;107;16
3501;107;16
3502;107;16
3503;116;17
3504;107;16
3505;107;16
3506;104;39
3507;104;39
3508;104;39
3509;104;39
3510;104;39
3514;68;43
3522;120;41
3523;120;41
3524;104;39
3525;104;39
3526;104;39
3527;101;6
3528;101;6
3529;110;7
3530;101;6
3531;101;6
3532;101;6
3533;101;6
3534;101;6
3535;101;6
3536;110;7
3538;101;6
3539;110;7
3541;110;7
3542;110;7
3543;101;6
3545;110;7
3546;101;6
3547;110;7
3548;110;7
3550;101;6
3551;101;6
3552;101;6
3553;101;6
3554;110;7
3556;101;6
3557;101;6
3558;110;7
3559;110;7
3560;110;7
3561;101;6
3562;101;6
3563;101;6
3564;101;6
3565;110;7
3566;101;6
3567;101;6
3568;110;7
3569;101;6
3570;101;6
3571;101;6
3572;101;6
3574;110;7
3575;101;6
3576;101;6
3577;68;43
3578;107;16
3579;107;16
3580;107;16
3581;107;16
3582;107;16
3583;107;16
3584;110;7
3585;101;6
3586;101;6
3587;110;7
3589;108;32
3590;108;32
3591;108;32
3592;110;33
3593;110;33
3594;108;32
3595;108;32
3596;110;33
3597;108;28
3598;108;28
3599;108;28
3600;68;43
3604;67;42
3606;68;43
3607;68;43
3608;68;43
3609;68;43
3610;107;16
3611;107;16
3612;111;35
3613;111;35
3614;111;35
3615;102;34
3620;68;43
3621;107;16
3622;107;16
3623;104;39
3624;120;41
3625;120;41
3626;68;43
3627;102;34
3628;111;35
3629;102;34
3630;111;35
3631;102;34
3632;111;35
3633;102;34
3634;102;34
3635;111;35
3636;102;34
3637;111;35
3638;102;34
3639;102;34
3640;102;34
3641;102;34
3642;111;35
3643;101;6
3644;101;6
3645;101;6
3646;110;7
3647;101;6
3648;101;6
3649;101;6
3650;101;6
3651;171;9
3652;171;9
3653;102;34
3654;102;34
3655;102;34
3656;67;42
3657;67;42
3658;116;17
3659;107;16
3660;116;17
3661;107;16
3662;107;16
3663;107;16
3664;107;16
3665;116;17
3666;107;16
3667;107;16
3668;116;17
3669;110;7
3670;103;12
3671;103;12
3672;111;35
3673;111;35
3674;102;34
3675;171;9
3677;110;7
3679;101;6
3680;110;7
3681;101;6
3683;101;6
3684;101;6
3685;101;6
3686;101;6
3687;101;6
3688;101;6
3689;110;7
3691;110;7
3692;101;6
3693;101;6
3694;110;7
3697;110;7
3698;101;6
3699;101;6
3700;101;6
3701;101;6
3702;110;7
3703;110;7
3704;110;7
3705;101;6
3706;110;7
3708;171;9
3709;171;9
3711;171;9
3712;171;9
3713;171;9
3714;171;9
3715;171;9
3716;171;9
3717;171;9
3718;171;9
3719;171;9
3720;171;9
3721;171;9
3722;171;9
3723;171;9
3724;171;9
3725;171;9
3726;171;9
3727;171;9
3728;171;9
3729;171;9
3730;171;9
3731;110;33
3732;108;32
3733;108;32
3734;77;38
3735;77;38
3736;77;38
3737;77;38
3738;77;38
3739;77;38
3740;77;38
3741;77;38
3742;77;38
3743;77;38
3744;77;38
3745;77;38
3746;77;38
3747;77;38
3748;77;38
3749;77;38
3750;77;38
3751;77;38
3752;77;38
3753;77;38
3754;77;38
3755;77;38
3756;77;38
3757;77;38
3758;77;38
3759;77;38
3760;104;39
3761;104;39
3762;104;39
3763;104;39
3764;104;39
3765;104;39
3766;104;39
3767;104;39
3769;108;28
3770;114;29
3771;114;29
3772;108;28
3773;108;28
3774;108;28
3775;108;28
3776;108;28
3777;108;28
3778;108;28
3779;108;28
3781;114;25
3782;73;27
3783;73;27
3784;40;26
3785;40;26
3786;40;26
3787;101;6
3788;103;12
3789;103;12
3790;107;16
3791;103;12
3792;103;12
3793;68;43
3795;105;24
3802;68;43
3803;68;43
3810;121;14
3811;108;28
3812;40;26
3813;110;7
3814;68;43
3820;68;43
3822;101;6
3826;67;42
3829;67;42
3830;68;43
3831;110;7
3832;114;29
3833;114;29
3834;114;29
3835;73;27
3836;108;28
3837;108;28
3838;101;6
3839;101;6
3840;104;39
3841;104;39
3842;104;39
3843;104;39
3844;104;39
3845;104;39
3846;104;39
3848;68;43
3850;110;7
3853;110;7
3855;40;26
3856;40;26
3857;108;28
3858;108;28
3859;110;33
3860;110;33
3861;108;32
3862;108;32
3863;110;33
3864;108;32
3865;108;32
3866;110;33
3867;110;33
3868;108;32
3869;40;26
3870;40;26
3871;40;26
3872;114;25
3873;40;26
3874;40;26
3875;73;27
3876;103;12
3877;103;12
3878;68;43
3879;104;39
3880;104;39
3881;107;16
3882;107;16
3883;107;16
3884;107;16
3885;107;16
3886;68;43
3887;73;27
3888;73;27
3889;111;35
3890;111;35
3891;102;34
3892;111;35
3893;102;34
3894;111;35
3895;101;6
3896;110;7
3897;101;6
3898;110;7
3900;104;39
3901;73;27
3902;116;17
3903;116;17
3904;108;32
3905;108;32
3906;110;33
3907;108;32
3908;107;16
3909;116;17
3910;40;26
3911;108;28
3912;73;27
3913;40;26
3914;108;28
3915;108;28
3916;108;28
3917;108;28
3918;40;26
3919;116;17
3920;116;17
3921;107;16
3922;105;24
3923;105;24
3924;105;24
3925;114;25
3926;103;12
3927;103;12
3928;103;12
3929;103;12
3930;108;28
3931;102;34
3932;111;35
3933;103;12
3934;103;12
3935;102;34
3936;111;35
3937;104;39
3938;104;39
3939;108;32
3940;108;32
3941;110;33
3942;108;32
3943;108;32
3944;108;32
3945;110;33
3946;108;32
3947;110;33
3948;110;33
3949;110;33
3950;110;33
3951;110;33
3952;110;33
3953;67;42
3955;108;32
3956;110;33
3957;101;6
3959;110;7
3960;110;7
3962;101;6
3966;67;42
3968;68;43
3969;68;43
3970;68;43
3971;68;43
3972;68;43
3976;110;7
3977;101;6
3979;101;6
3981;110;7
3982;110;7
3983;101;6
3984;101;6
3985;110;7
3986;105;24
3987;105;24
3988;114;25
3989;105;24
3991;105;24
3992;105;23
3992;114;23
3993;105;24
3994;105;23
3994;114;23
3995;105;24
3996;105;24
3997;105;24
3998;105;24
3999;105;24
4000;105;24
4001;114;25
4002;114;25
4003;114;25
4004;105;24
4005;105;23
4005;114;23
4006;105;24
4007;114;25
4008;114;25
4009;105;24
4010;105;24
4011;105;24
4012;105;24
4013;105;24
4014;105;24
4015;105;23
4015;114;23
4016;105;24
4017;105;24
4018;105;24
4019;105;24
4020;114;25
4021;108;31
4023;108;31
4024;108;31
4030;108;31
4031;108;28
4032;108;28
4033;102;34
4034;111;35
4042;112;20
4043;112;20
4044;121;40
4045;121;40
4046;121;40
4047;121;14
4048;104;39
4053;193;4
4054;110;7
4055;110;7
4056;103;12
4058;103;12
4059;103;12
4067;101;6
4068;101;6
4069;110;7
4071;68;43
4073;68;43
4074;110;7
4075;101;6
4076;103;12
4077;103;12
4078;103;12
4079;103;12
4080;40;26
4081;108;28
4082;40;26
4083;107;16
4084;107;16
4085;103;12
4086;103;12
4087;103;12
4088;103;12
4089;103;12
4090;103;12
4091;103;12
4092;103;12
4094;101;6
4095;101;6
4096;103;12
4097;103;12
4098;121;40
4099;68;43
4102;103;12
4103;68;43
4104;171;9
4105;171;9
4109;67;42
4111;68;43
4112;68;43
4114;110;33
4115;110;33
4116;108;32
4117;108;32
4118;108;32
4119;108;32
4120;131;37
4121;131;37
4122;131;37
4123;131;37
4124;131;37
4125;131;37
4126;131;37
4127;131;37
4128;131;37
4129;131;37
4130;131;37
4131;131;37
4132;131;37
4133;131;37
4134;131;37
4135;131;37
4136;131;37
4137;131;37
4138;131;37
4139;131;37
4140;131;37
4141;131;37
4142;131;37
4143;131;37
4144;131;37
4145;131;37
4146;121;40
4147;105;24
4148;105;24
4149;105;24
4150;105;24
4151;105;24
4152;105;24
4153;105;24
4154;105;24
4155;105;24
4156;105;24
4157;105;24
4158;108;28
4159;108;28
4160;108;28
4161;40;26
4162;114;25
4163;73;27
4164;108;28
4165;108;28
4166;105;24
4167;101;6
4168;110;7
4170;101;6
4171;101;6
4172;121;40
4173;121;40
4174;121;40
4175;121;40
4176;67;42
4180;67;42
4184;103;12
4185;103;12
4186;103;12
4187;103;12
4188;108;28
4189;108;28
4190;114;29
4191;114;29
4192;40;26
4193;108;28
4194;108;28
4195;108;28
4196;40;26
4197;68;43
4198;67;42
4202;67;42
4204;68;43
4209;68;43
4211;68;43
4212;68;43
4214;68;43
4216;68;43
4220;116;17
4221;116;17
4222;116;17
4223;68;43
4224;107;16
4225;107;16
4227;108;32
4228;108;32
4229;108;32
4230;108;32
4231;108;32
4232;108;32
4233;108;32
4234;108;32
4235;108;32
4241;68;43
4242;105;24
4243;105;24
4244;114;29
4245;108;28
4246;108;28
4247;108;28
4248;108;28
4251;68;43
4252;68;43
4253;103;12
4254;103;12
4255;114;25
4256;105;24
4257;40;26
4258;105;24
4259;105;24
4260;68;43
4263;121;40
4264;121;40
4265;121;40
4266;121;40
4267;121;40
4268;121;40
4269;121;40
4270;121;40
4273;171;9
4274;121;40
4275;102;34
4276;111;35
4277;102;34
4278;102;34
4279;111;35
4280;102;34
4281;102;34
4282;111;35
4283;102;34
4284;110;7
4285;103;12
4286;103;12
4287;103;12
4288;103;12
4290;68;43
4292;67;42
4293;67;42
4295;67;42
4298;67;42
4301;103;12
4302;131;37
4303;131;37
4304;110;33
4305;110;33
4306;110;33
4307;108;32
4308;110;33
4309;110;33
4310;110;33
4311;171;9
4312;171;9
4313;171;9
4314;110;33
4315;108;32
4316;105;24
4317;105;24
4318;105;24
4319;114;29
4320;108;28
4321;171;9
4322;168;8
4323;171;9
4324;77;38
4325;77;38
4326;77;38
4327;77;38
4328;77;38
4329;77;38
4330;77;38
4331;77;38
4332;77;38
4333;77;38
4334;77;38
4335;77;38
4336;77;38
4337;77;38
4338;77;38
4339;77;38
4340;77;38
4341;77;38
4342;77;38
4343;77;38
4344;77;38
4345;77;38
4346;77;38
4347;77;38
4348;77;38
4349;77;38
4350;77;38
4351;77;38
4352;77;38
4353;77;38
4354;77;38
4355;77;38
4356;77;38
4357;77;38
4358;77;38
4359;77;38
4360;77;38
4361;77;38
4362;77;38
4363;77;38
4364;77;38
4365;77;38
4366;77;38
4367;77;38
4368;77;38
4369;77;38
4370;77;38
4371;77;38
4372;77;38
4373;77;38
4374;77;38
4375;77;38
4376;77;38
4377;77;38
4378;77;38
4379;77;38
4380;77;38
4381;77;38
4382;77;38
4383;77;38
4384;77;38
4385;68;43
4390;68;43
4391;68;43
4395;67;42
4396;67;42
4397;108;32
4398;108;32
4399;108;32
4400;121;40
4401;121;40
4402;121;40
4403;121;40
4404;68;43
4405;68;43
4406;68;43
4407;68;43
4408;68;43
4409;68;43
4410;68;43
4411;110;7
4412;101;6
4413;101;6
4414;101;6
4415;101;6
4416;101;6
4417;101;6
4418;101;6
4419;101;6
4420;110;7
4421;110;7
4422;101;6
4423;101;6
4424;110;7
4425;101;6
4426;110;7
4427;105;24
4428;114;25
4429;73;27
4430;114;29
4431;110;7
4433;110;7
4434;107;16
4435;107;16
4436;116;17
4437;116;17
4438;107;16
4439;107;16
4440;107;16
4441;107;16
4442;116;17
4443;107;16
4444;110;7
4445;110;7
4447;110;7
4448;110;7
4449;108;32
4450;108;32
4451;108;32
4452;110;33
4453;108;32
4454;105;24
4455;105;24
4456;105;24
4457;114;29
4458;40;26
4459;40;26
4460;40;26
4461;103;12
4462;103;12
4463;103;12
4464;103;12
4465;103;12
4466;103;12
4467;103;12
4468;103;12
4469;103;12
4470;103;12
4471;103;12
4472;103;12
4474;116;17
4475;171;9
4476;107;16
4477;107;16
4478;101;6
4479;101;6
4480;101;6
4481;110;7
4482;101;6
4483;101;6
4484;110;7
4485;110;7
4486;110;7
4487;110;7
4488;110;7
4489;131;37
4490;131;37
4491;131;37
4492;131;37
4493;131;37
4494;131;37
4495;168;8
4496;171;9
4497;168;8
4498;168;8
4499;168;8
4500;171;9
4503;110;33
4504;110;33
4505;108;32
4506;108;32
4507;114;29
4508;114;29
4509;40;26
4510;73;27
4511;40;26
4512;40;26
4513;40;26
4514;73;27
4515;68;43
4516;68;43
4517;67;42
4518;67;42
4519;77;38
4520;77;38
4521;77;38
4522;77;38
4523;77;38
4524;77;38
4525;77;38
4526;77;38
4527;77;38
4528;77;38
4529;77;38
4555;110;7
4556;101;6
4557;101;6
4558;110;7
4559;101;6
4560;110;7
4561;171;9
4562;121;40
4563;121;40
4564;121;40
4565;121;40
4566;121;40
4568;110;33
4569;108;32
4570;108;32
4571;108;32
4572;68;43
4573;68;43
4574;67;42
4576;68;43
4580;168;8
4581;103;12
4582;103;12
4583;103;12
4584;103;12
4585;113;13
4586;110;7
4587;121;40
4588;121;40
4589;120;41
4590;120;41
4591;120;41
4592;120;41
4593;120;41
4594;120;41
4595;120;41
4596;120;41
4597;120;41
4598;120;41
4599;177;10
4600;68;43
4601;101;6
4602;101;6
4603;110;7
4604;110;7
4605;110;7
4607;103;12
4608;103;12
4609;103;12
4610;103;12
4611;103;12
4612;103;12
4613;116;17
4614;101;6
4615;101;6
4616;101;6
4617;101;6
4618;101;6
4619;101;6
4620;110;7
4621;131;37
4622;131;37
4623;131;37
4624;131;37
4625;131;37
4626;131;37
4627;131;37
4628;131;37
4629;101;6
4630;101;6
4631;110;7
4634;110;7
4635;101;6
4636;101;6
4637;101;6
4638;131;37
4639;131;37
4640;131;37
4641;131;37
4642;131;37
4643;131;37
4644;131;37
4645;131;37
4646;131;37
4647;131;37
4648;131;37
4649;131;37
4650;171;9
4651;171;9
4652;168;8
4653;171;9
4654;171;9
4655;171;9
4656;177;10
4658;177;10
4659;177;10
4660;177;10
4661;107;16
4662;101;6
4663;101;6
4664;101;6
4665;101;6
4666;101;6
4667;110;7
4668;110;7
4672;104;39
4673;104;39
4674;104;39
4675;120;41
4676;120;41
4677;120;41
4678;120;41
4679;171;9
4680;171;9
4681;168;8
4682;171;9
4683;171;9
4684;171;9
4685;121;40
4686;121;40
4687;121;40
4688;68;43
4689;101;6
4690;101;6
4691;110;7
4692;101;6
4693;101;6
4694;110;7
4695;68;43
4696;103;12
4697;103;12
4698;103;12
4699;103;12
4700;104;39
4701;104;39
4702;121;40
4704;68;43
4705;131;37
4706;131;37
4707;121;40
4708;121;40
4709;121;40
4710;121;40
4711;120;41
4712;120;41
4713;120;41
4714;120;41
4715;120;41
4716;120;41
4717;120;41
4718;120;41
4720;131;37
4721;104;39
4722;120;41
4723;120;41
4724;120;41
4725;120;41
4726;120;41
4728;68;43
4729;101;6
4730;101;6
4731;116;17
4732;116;17
4733;105;24
4734;73;27
4735;40;26
4736;108;28
4737;114;29
4738;114;29
4739;40;26
4741;68;43
4744;101;6
4747;171;9
4748;103;12
4749;103;12
4751;111;36
4752;111;36
4753;111;36
4754;111;36
4755;111;36
4756;111;36
4757;111;36
4758;111;36
4759;102;34
4760;77;38
4761;77;38
4762;77;38
4763;77;38
4764;77;38
4765;77;38
4766;77;38
4767;77;38
4768;77;38
4769;77;38
4770;77;38
4771;77;38
4772;77;38
4773;77;38
4774;77;38
4775;77;38
4776;77;38
4777;77;38
4778;77;38
4782;120;41
4783;120;41
4784;120;41
4785;120;41
4786;120;41
4787;120;41
4788;120;41
4789;120;41
4790;120;41
4791;121;40
4792;114;25
4793;40;26
4794;103;12
4795;103;12
4796;101;6
4797;101;6
4798;110;7
4799;101;6
4800;101;6
4801;110;7
4802;110;7
4803;110;7
4804;110;7
4805;67;42
4811;108;32
4813;108;32
4814;101;6
4815;101;6
4816;101;6
4817;110;7
4818;101;6
4819;101;6
4820;101;6
4821;101;6
4822;101;6
4823;101;6
4824;110;7
4825;110;7
4828;110;33
4829;110;33
4830;110;33
4831;108;32
4832;77;38
4833;77;38
4834;77;38
4835;77;38
4836;77;38
4837;77;38
4838;77;38
4839;77;38
4840;77;38
4841;77;38
4842;77;38
4846;110;7
4847;110;7
4848;67;42
4850;103;12
4851;103;12
4852;103;12
4853;103;12
4854;110;7
4855;102;34
4856;102;34
4857;77;38
4858;77;38
4859;77;38
4860;77;38
4861;77;38
4862;77;38
4863;77;38
4864;77;38
4865;108;28
4866;108;28
4867;108;28
4868;108;28
4869;108;28
4870;108;28
4871;108;28
4872;108;28
4873;108;28
4874;114;25
4875;171;9
4880;171;9
4881;171;9
4882;168;8
4883;171;9
4884;171;9
4885;171;9
4886;168;8
4887;171;9
4888;171;9
4889;171;9
4890;171;9
4891;168;8
4892;110;7
4893;101;6
4894;101;6
4895;168;8
4896;171;9
4897;107;15
4897;116;15
4898;77;38
4900;77;38
4901;77;38
4902;77;38
4903;77;38
4904;77;38
4905;77;38
4906;77;38
4907;77;38
4908;168;8
4909;171;9
4910;168;8
4911;110;7
4912;171;9
4913;171;9
4914;101;6
4915;101;6
4916;110;7
4917;110;7
4918;68;43
4919;68;43
4920;103;12
4921;103;12
4922;102;34
4923;106;18
4924;106;18
4925;106;18
4926;106;18
4927;106;18
4928;106;18
4929;106;18
4930;106;18
4931;106;18
4932;106;18
4933;106;18
4934;106;18
4935;106;18
4936;106;18
4937;106;18
4938;106;18
4939;106;18
4940;106;18
4941;106;18
4942;106;18
4943;106;18
4944;115;19
4945;106;18
4946;106;18
4947;106;18
4948;106;18
4949;106;18
4950;106;18
4951;106;18
4952;106;18
4953;106;18
4954;106;18
4955;106;18
4956;106;18
4957;106;18
4958;106;18
4959;106;18
4960;106;18
4961;106;18
4962;106;18
4963;115;19
4964;106;18
4965;106;18
4966;106;18
4967;106;18
4968;106;18
4969;106;18
4970;106;18
4971;106;18
4972;106;18
4973;106;18
4974;106;18
4975;106;18
4976;106;18
4977;106;18
4978;106;18
4979;106;18
4980;106;18
4981;106;18
4982;106;18
4983;106;18
4984;106;18
4985;106;18
4986;106;18
4987;106;18
4988;106;18
4989;106;18
4990;106;18
4991;106;18
4992;106;18
4993;106;18
4994;106;18
4995;106;18
4996;106;18
4997;106;18
4998;106;18
4999;106;18
5000;115;19
5001;106;18
5002;106;18
5003;106;18
5004;106;18
5005;106;18
5006;106;18
5007;106;18
5008;106;18
5009;106;18
5010;106;18
5011;106;18
5012;106;18
5013;106;18
5014;106;18
5015;106;18
5016;106;18
5017;106;18
5018;106;18
5019;106;18
5020;115;19
5021;106;18
5022;115;19
5023;106;18
5024;106;18
5025;106;18
5026;106;18
5027;106;18
5028;106;18
5029;106;18
5030;106;18
5031;106;18
5032;106;18
5033;106;18
5034;106;18
5035;106;18
5036;106;18
5037;101;6
5040;110;7
5041;110;7
5042;101;6
5043;110;7
5053;77;38
5054;77;38
5055;77;38
5056;77;38
5057;102;34
5058;102;34
5059;77;38
5060;77;38
5061;77;38
5062;77;38
5063;77;38
5064;77;38
5065;77;38
5066;101;6
5067;110;7
5068;101;6
5069;110;7
5070;101;6
5071;110;7
5072;101;5
5072;110;5
5073;101;6
5074;110;7
5075;110;7
5076;101;6
5077;108;32
5078;108;32
5079;110;33
5080;108;32
5081;108;32
5082;110;33
5083;110;33
5084;108;32
5085;108;32
5086;108;32
5087;110;33
5088;108;32
5089;103;12
5090;103;12
5091;103;12
5092;103;12
5093;103;12
5094;103;12
5095;103;12
5096;103;12
5097;103;12
5098;103;12
5099;103;12
5100;103;12
5101;103;12
5105;67;42
5107;67;42
5108;68;43
5109;68;43
5110;68;43
5113;105;24
5114;105;24
5115;105;24
5116;73;27
5117;40;26
5118;108;28
5119;108;28
5120;103;12
5121;103;12
5122;103;12
5123;103;12
5124;103;12
5125;103;12
5126;110;7
5127;110;7
5128;120;41
5129;120;41
5130;120;41
5131;131;37
5132;131;37
5133;131;37
5134;131;37
5137;67;42
5139;103;12
5140;103;12
5141;103;12
5142;103;12
5143;110;7
5144;131;37
5145;131;37
5146;131;37
5147;104;39
5148;104;39
5149;121;40
5150;107;16
5151;104;39
5152;104;39
5153;104;39
5154;121;40
5155;121;40
5157;68;43
5158;68;43
5159;107;16
5160;102;34
5161;101;6
5162;101;6
5163;101;6
5164;101;6
5165;101;5
5165;110;5
5166;110;7
5169;113;13
5170;103;12
5171;103;12
5172;103;12
5173;103;12
5175;171;3
5176;171;3
5177;171;9
5178;171;9
5179;168;8
5180;171;9
5181;171;9
5182;171;9
5183;171;9
5188;105;24
5189;108;28
5190;108;28
5191;108;28
5192;102;34
5193;111;35
5194;101;6
5195;110;7
5196;77;38
5197;77;38
5198;77;38
5199;77;38
5200;108;32
5201;108;32
5202;110;33
5203;110;33
5209;77;38
5210;77;38
5211;77;38
5212;77;38
5215;77;38
5216;77;38
5217;77;38
5218;77;38
5219;77;38
5220;77;38
5221;77;38
5222;77;38
5223;77;38
5224;77;38
5225;77;38
5226;77;38
5227;77;38
5228;77;38
5229;77;38
5230;77;38
5231;77;38
5232;77;38
5233;77;38
5234;77;38
5235;77;38
5238;68;43
5240;68;43
5241;68;43
5242;68;43
5243;68;43
5244;68;43
5245;77;38
5246;77;38
5247;68;43
5248;68;43
5249;68;43
5250;68;43
5251;68;43
5252;68;43
5253;68;43
5254;114;25
5255;114;25
5256;105;24
5257;114;25
5258;110;7
5259;171;9
5260;171;9
5261;131;37
5262;131;37
5263;131;37
5264;131;37
5265;131;37
5266;131;37
5267;131;37
5268;131;37
5269;131;37
5270;131;37
5271;131;37
5272;131;37
5273;102;34
5274;111;35
5275;103;12
5276;103;12
5277;68;43
5278;68;43
5279;77;38
5280;77;38
5281;77;38
5282;77;38
5283;77;38
5284;77;38
5285;77;38
5286;77;38
5287;77;38
5288;77;38
5290;77;38
5291;77;38
5292;77;38
5293;77;38
5294;77;38
5295;77;38
5296;77;38
5297;77;38
5298;77;38
5299;77;38
5300;77;38
5301;77;38
5302;77;38
5303;77;38
5304;77;38
5305;77;38
5306;77;38
5307;77;38
5308;77;38
5309;77;38
5310;110;7
5311;110;7
5312;110;7
5313;101;6
5314;110;7
5315;101;6
5316;101;6
5317;171;9
5318;171;9
5319;168;8
5320;171;9
5321;168;8
5322;116;17
5323;68;43
5334;68;43
5335;110;7
5338;101;6
5339;101;6
5340;102;34
5341;102;34
5342;111;35
5343;111;35
5344;111;35
5345;110;33
5346;77;38
5347;77;38
5348;77;38
5349;77;38
5350;77;38
5351;77;38
5352;77;38
5353;77;38
5354;77;38
5355;77;38
5356;77;38
5357;77;38
5358;77;38
5359;77;38
5360;77;38
5361;77;38
5362;77;38
5363;77;38
5364;77;38
5365;77;38
5366;131;37
5367;131;37
5368;131;37
5369;77;38
5370;77;38
5371;77;38
5372;77;38
5373;77;38
5374;77;38
5375;77;38
5376;77;38
5377;77;38
5378;77;38
5379;77;38
5380;77;38
5381;77;38
5382;77;38
5383;77;38
5384;77;38
5385;77;38
5386;77;38
5387;77;38
5388;77;38
5389;77;38
5390;77;38
5391;77;38
5392;77;38
5393;77;38
5394;77;38
5395;77;38
5396;101;6
5397;101;6
5398;110;7
5399;110;7
5400;110;7
5401;101;6
5402;101;6
5403;101;6
5404;101;6
5405;101;6
5406;101;6
5407;168;8
5408;171;9
5436;77;38
5437;77;38
5438;77;38
5439;77;38
5440;77;38
5441;77;38
5442;77;38
5443;77;38
5444;77;38
5445;110;7
5446;110;7
5448;110;7
5449;110;7
5451;101;6
5452;101;6
5453;110;7
5454;101;6
5455;110;7
5462;110;7
5463;110;7
5464;110;7
5466;110;7
5468;110;7
5469;110;7
5470;110;7
5471;110;7
5472;110;7
5474;110;7
5475;110;7
5476;101;5
5476;110;5
5477;101;6
5478;101;6
5480;101;6
5481;101;6
5482;101;6
5483;101;6
5484;101;6
5485;101;6
5486;101;6
5487;101;6
5488;101;6
5489;110;7
5490;110;7
5491;101;6
5492;101;6
5493;101;6
5494;101;6
5495;101;6
5496;101;6
5497;110;7
5498;110;7
5499;110;7
5500;110;7
5501;101;6
5502;101;6
5503;110;7
5504;110;7
5505;110;7
5530;101;6
5531;103;12
5532;103;12
5533;103;12
5534;103;12
5536;103;12
5538;103;12
5539;103;12
5540;103;12
5541;103;12
5542;103;12
5543;103;12
5545;103;12
5547;103;12
5548;103;12
5549;103;12
5550;103;12
5551;103;12
5552;103;12
5553;103;12
5554;103;12
5555;103;12
5556;103;12
5557;113;13
5558;113;13
5559;107;16
5560;131;37
5561;131;37
5562;131;37
5563;131;37
5564;131;37
5565;131;37
5566;131;37
5567;131;37
5570;68;43
5573;68;43
5582;68;43
5593;67;42
5601;68;43
5603;68;43
5604;68;43
5605;68;43
5606;108;32
5607;108;32
5608;108;32
5609;105;24
5610;105;24
5611;105;24
5612;105;24
5613;105;24
5614;105;24
5615;105;24
5616;105;24
5617;105;24
5618;108;28
5619;108;28
5620;108;28
5621;108;28
5622;108;28
5623;108;28
5624;108;28
5625;114;29
5626;108;28
5627;108;28
5636;77;38
5637;77;38
5638;104;39
5639;108;32
5640;108;32
5641;108;32
5642;108;32
5643;77;38
5644;77;38
5645;77;38
5646;108;32
5647;108;32
5648;120;41
5649;120;41
5650;121;40
5652;177;10
5653;177;10
5656;193;11
5667;103;12
5668;103;12
5669;103;12
5670;103;12
5672;68;43
5679;110;7
5680;110;7
5681;101;6
5682;101;6
5683;104;39
5684;103;12
5685;103;12
5686;168;8
5687;168;8
5688;171;9
5689;168;8
5690;68;43
5693;77;38
5694;101;6
5696;101;6
5697;101;6
5698;101;6
5699;177;10
5700;177;10
5701;171;9
5703;177;10
5708;101;6
5709;101;6
5710;101;6
5711;171;9
5712;105;24
5713;105;24
5714;105;24
5715;114;25
5716;105;24
5717;105;24
5718;105;24
5719;105;24
5720;105;24
5721;105;24
5722;105;24
5723;105;24
5724;105;24
5725;114;25
5726;105;24
5728;105;24
5729;105;24
5730;105;24
5731;105;24
5732;105;24
5733;114;25
5734;105;24
5735;105;24
5736;105;24
5737;105;24
5738;105;24
5739;105;24
5740;105;24
5741;105;24
5742;105;24
5743;108;28
5744;114;29
5745;108;28
5746;108;28
5747;108;28
5748;114;29
5749;114;29
5750;108;28
5751;108;28
5752;108;28
5753;114;29
5754;108;28
5755;108;28
5756;108;28
5757;114;29
5758;114;29
5759;108;28
5760;108;28
5761;108;28
5762;108;28
5763;108;28
5764;114;29
5765;108;28
5766;108;28
5767;114;29
5768;108;28
5769;108;28
5770;108;28
5771;108;28
5772;114;29
5773;108;28
5774;114;29
5775;108;28
5776;108;28
5777;108;28
5778;114;29
5779;108;28
5780;108;28
5784;68;43
5788;101;6
5789;177;10
5790;171;9
5791;171;9
5792;171;9
5793;103;12
5794;103;12
5795;68;43
5802;103;12
5803;103;12
5804;101;6
5805;110;7
5806;101;6
5807;101;6
5809;68;43
5810;111;36
5811;111;36
5812;110;33
5813;108;32
5814;177;10
5815;177;10
5816;177;10
5817;177;10
5819;68;43
5820;68;43
5821;68;43
5825;68;43
5826;171;9
5827;67;42
5831;111;36
5832;111;36
5833;68;43
5834;68;43
5835;68;43
5836;68;43
5837;67;42
5838;67;42
5839;68;43
5840;104;39
5841;104;39
5842;104;39
5843;104;39
5844;104;39
5845;104;39
5846;104;39
5847;104;39
5848;104;39
5849;104;39
5850;120;41
5851;120;41
5852;120;41
5853;120;41
5854;121;40
5855;121;40
5856;121;40
5857;121;40
5858;107;16
5861;110;7
5862;101;6
5863;102;34
5864;102;34
5865;102;34
5866;111;35
5867;111;35
5868;111;35
5869;102;34
5870;102;34
5871;111;35
5872;102;34
5873;102;34
5874;111;35
5875;111;35
5876;77;38
5877;77;38
5878;77;38
5879;77;38
5880;77;38
5881;110;7
5883;101;6
5884;101;6
5885;101;6
5886;171;9
5887;168;8
5888;171;9
5889;171;9
5890;171;9
5891;171;9
5892;171;9
5893;171;9
5894;171;9
5895;171;9
5896;68;43
5898;102;34
5899;110;7
5901;168;8
5902;171;9
5903;40;26
5904;40;26
5905;73;27
5906;73;27
5907;73;27
5908;108;28
5909;108;28
5910;108;28
5911;67;42
5912;67;42
5913;67;42
5914;67;42
5915;68;43
5916;68;43
5917;68;43
5918;68;43
5919;68;43
5920;68;43
5921;77;38
5922;77;38
5924;68;43
5926;77;38
5927;77;38
5928;77;38
5929;111;36
5931;77;38
5932;77;38
5933;77;38
5934;68;43
5935;68;43
5936;68;43
5937;110;7
5938;131;37
5939;131;37
5940;102;34
5941;102;34
5942;111;35
5943;111;35
5944;102;34
5945;102;34
5946;111;35
5947;111;35
5948;110;33
5950;110;33
5951;110;33
5952;108;32
5953;110;7
5955;101;6
5956;101;6
5957;105;24
5958;110;7
5959;110;7
5961;177;10
5962;171;9
5963;171;9
5964;171;9
5965;110;7
5966;101;6
5967;110;7
5968;110;7
5969;110;7
5970;110;7
5971;110;7
5972;110;7
5973;101;6
5974;110;7
5975;110;7
5976;101;6
5977;101;6
5978;110;7
5979;110;7
5980;101;6
5981;101;6
5982;110;7
5983;110;7
5984;101;6
5985;101;6
5986;101;6
5987;101;6
5990;168;8
5991;171;9
5992;171;9
5993;171;9
5994;103;12
5996;68;43
5997;68;43
5998;68;43
5999;68;43
6003;67;42
6006;67;42
6007;67;42
6009;68;43
6010;68;43
6011;68;43
6012;68;43
6013;68;43
6014;68;43
6015;77;38
6016;77;38
6017;77;38
6018;77;38
6019;77;38
6020;77;38
6021;77;38
6022;103;12
6023;103;12
6024;113;13
6025;171;3
6026;171;3
6027;171;3
6028;171;3
6029;171;3
6030;171;3
6031;113;13
6032;104;39
6033;104;39
6034;104;39
6035;193;11
6036;110;7
6037;168;8
6038;171;9
6039;67;42
6040;67;42
6041;67;42
6042;67;42
6043;67;42
6044;103;12
6045;103;12
6046;131;37
6047;131;37
6048;131;37
6049;131;37
6050;131;37
6051;131;37
6052;131;37
6053;131;37
6054;131;37
6055;131;37
6056;131;37
6057;131;37
6058;131;37
6059;131;37
6060;131;37
6061;131;37
6062;103;12
6063;103;12
6064;68;43
6065;101;6
6066;103;12
6067;103;12
6068;103;12
6069;103;12
6070;103;12
6071;103;12
6072;103;12
6073;103;12
6074;110;7
6075;101;6
6076;101;6
6077;101;6
6078;101;6
6079;113;13
6081;67;42
6082;102;34
6083;101;6
6084;101;6
6085;110;7
6086;101;6
6087;101;6
6090;67;42
6091;131;37
6092;131;37
6094;101;6
6095;101;6
6104;101;6
6105;101;6
6106;101;6
6107;101;6
6108;101;6
6109;101;6
6110;101;6
6111;168;8
6112;171;9
6113;171;9
6114;171;9
6115;110;33
6116;108;32
6117;108;32
6118;101;6
6119;110;7
6120;110;7
6121;110;7
6122;101;6
6123;101;6
6124;101;6
6125;101;6
6126;103;12
6127;103;12
6128;103;12
6129;110;33
6130;110;7
6131;101;6
6132;101;6
6133;101;6
6134;101;6
6135;177;10
6136;107;16
6137;116;17
6138;107;16
6139;107;16
6140;107;16
6142;110;7
6143;101;6
6144;101;6
6145;168;8
6146;171;9
6147;168;8
6148;171;9
6149;177;10
6150;168;8
6152;171;9
6153;171;9
6154;171;9
6155;171;9
6156;171;9
6157;171;9
6158;108;32
6159;77;38
6160;77;38
6161;77;38
6162;77;38
6163;77;38
6164;77;38
6165;77;38
6166;77;38
6167;77;38
6168;77;38
6169;77;38
6170;77;38
6171;77;38
6172;77;38
6173;77;38
6174;77;38
6175;110;7
6176;131;37
6177;131;37
6178;131;37
6179;131;37
6180;131;37
6183;101;6
6184;101;6
6185;101;6
6186;68;43
6187;77;38
6188;77;38
6189;77;38
6190;77;38
6191;77;38
6192;77;38
6193;77;38
6194;77;38
6195;77;38
6196;168;8
6197;171;9
6198;171;9
6199;171;9
6202;101;6
6204;101;6
6205;101;6
6206;101;6
6207;101;6
6208;101;6
6209;131;37
6210;131;37
6211;131;37
6212;131;37
6213;68;43
6214;68;43
6218;77;38
6219;77;38
6220;77;38
6221;77;38
6222;77;38
6223;77;38
6224;77;38
6225;77;38
6226;77;38
6227;77;38
6228;77;38
6229;77;38
6230;77;38
6231;77;38
6232;77;38
6233;77;38
6234;77;38
6235;77;38
6236;77;38
6237;77;38
6238;110;7
6241;101;6
6242;101;6
6243;110;7
6244;67;42
6246;67;42
6248;77;38
6249;101;6
6250;110;7
6251;171;9
6252;110;7
6253;110;7
6254;77;38
6255;77;38
6256;77;38
6257;77;38
6258;77;38
6259;77;38
6260;77;38
6261;77;38
6264;101;6
6265;110;7
6268;77;38
6269;77;38
6271;110;7
6276;110;7
6277;101;6
6278;101;6
6279;101;6
6280;101;6
6281;101;6
6282;101;6
6283;67;42
6284;67;42
6285;68;43
6286;68;43
6287;68;43
6288;68;43
6289;68;43
6290;68;43
6291;68;43
6292;68;43
6293;68;43
6294;68;43
6295;68;43
6296;68;43
6297;68;43
6298;68;43
6299;68;43
6300;68;43
6301;68;43
6302;68;43
6303;68;43
6304;68;43
6305;68;43
6306;68;43
6307;68;43
6308;68;43
6309;77;38
6311;77;38
6312;77;38
6313;101;6
6314;110;7
6315;101;6
6316;68;43
6317;77;38
6318;77;38
6319;101;6
6320;101;6
6322;110;7
6323;110;7
6324;110;7
6325;110;7
6326;101;6
6327;104;39
6328;104;39
6329;120;41
6330;120;41
6331;120;41
6332;120;41
6333;121;40
6334;121;40
6335;121;40
6336;121;40
6337;121;40
6338;121;40
6339;101;6
6340;101;6
6348;168;8
6349;171;9
6350;171;9
6351;171;9
6352;171;9
6353;68;43
6354;68;43
6355;68;43
6356;68;43
6361;104;39
6362;121;40
6363;77;38
6364;68;43
6365;103;12
6366;103;12
6367;103;12
6368;103;12
6369;103;12
6370;103;12
6371;103;12
6372;103;12
6373;103;12
6374;103;12
6375;116;17
6376;107;16
6377;107;16
6378;107;16
6379;107;16
6380;68;43
6381;68;43
6382;68;43
6383;67;42
6384;67;42
6385;108;32
6386;108;32
6387;108;32
6388;110;33
6389;108;32
6390;108;32
6391;67;42
6392;67;42
6394;102;34
6395;102;34
6396;68;43
6399;108;28
6401;108;28
6403;114;29
6404;108;28
6405;108;31
6406;108;28
6407;108;28
6408;108;28
6409;108;28
6410;40;30
6411;40;30
6412;108;28
6413;108;28
6414;108;28
6415;108;28
6416;108;28
6417;108;28
6418;108;28
6419;108;28
6423;110;7
6424;68;43
6425;68;43
6431;67;42
6432;67;42
6435;68;43
6436;101;6
6437;101;6
6439;177;10
6440;171;9
6441;101;6
6442;101;6
6443;102;34
6444;110;7
6445;101;6
6446;101;6
6447;101;6
6448;101;6
6450;110;7
6451;121;14
6452;120;41
6453;120;41
6454;120;41
6455;120;41
6456;120;41
6457;120;41
6458;120;41
6459;120;41
6460;120;41
6461;120;41
6462;121;40
6463;121;40
6464;121;40
6465;121;40
6466;110;7
6467;110;7
6468;110;7
6469;110;7
6475;101;6
6476;101;6
6477;101;6
6478;101;6
6480;67;42
6481;108;32
6482;108;32
6483;110;33
6484;108;32
6485;110;33
6486;110;33
6487;110;7
6489;101;6
6490;101;6
6491;171;9
6492;101;6
6493;110;7
6494;101;6
6495;171;9
6497;103;12
6498;103;12
6499;103;12
6500;103;12
6501;103;12
6502;103;12
6503;103;12
6504;103;12
6505;103;12
6506;103;12
6507;103;12
6508;103;12
6509;110;7
6510;110;7
6511;101;6
6512;101;6
6513;171;9
6514;168;8
6515;168;8
6516;171;9
6517;171;9
6518;171;9
6519;68;43
6520;68;43
6523;68;43
6524;68;43
6525;67;42
6526;67;42
6527;131;37
6528;131;37
6529;131;37
6530;131;37
6531;131;37
6532;131;37
6533;131;37
6534;131;37
6535;131;37
6536;131;37
6537;131;37
6538;131;37
6539;131;37
6540;131;37
6541;131;37
6542;131;37
6543;131;37
6544;131;37
6545;131;37
6546;131;37
6548;110;7
6549;101;6
6550;101;6
6551;110;7
6553;67;42
6554;67;42
6557;77;38
6558;110;7
6559;101;6
6560;101;6
6561;101;6
6562;101;6
6563;110;7
6564;110;7
6568;101;6
6569;101;6
6570;110;7
6571;168;8
6572;101;6
6573;67;42
6574;67;42
6575;131;37
6576;131;37
6577;131;37
6578;131;37
6579;131;37
6580;131;37
6581;104;39
6582;104;39
6583;121;40
6584;107;16
6585;116;17
6586;107;16
6587;116;17
6589;110;7
6592;168;8
6593;171;9
6594;171;9
6595;131;37
6596;131;37
6597;131;37
6598;131;37
6599;68;43
6600;68;43
6602;108;32
6603;108;32
6604;108;32
6605;108;32
6606;108;32
6607;110;7
6611;110;7
6612;171;9
6613;171;9
6614;131;37
6615;110;7
6617;110;7
6618;171;9
6619;110;7
6620;110;7
6621;110;7
6622;101;6
6623;171;9
6624;171;9
6625;171;9
6626;171;9
6627;171;9
6628;101;6
6629;101;6
6630;171;9
6631;171;9
6632;171;9
6633;168;8
6634;168;8
6635;171;9
6636;171;9
6637;101;6
6638;110;7
6639;110;7
6640;101;6
6641;101;6
6642;171;9
6647;68;43
6648;110;7
6649;101;6
6650;101;6
6651;110;7
6652;101;6
6653;101;6
6654;110;7
6655;101;5
6655;110;5
6656;110;7
6657;101;6
6658;101;6
6659;171;9
6660;110;7
6661;103;12
6662;103;12
6663;116;17
6664;68;43
6665;68;43
6666;68;43
6667;68;43
6668;68;43
6669;68;43
6670;68;43
6671;68;43
6672;77;38
6673;110;7
6674;110;7
6675;110;7
6676;110;7
6677;77;38
6678;77;38
6679;77;38
6680;77;38
6681;77;38
6682;77;38
6683;77;38
6684;77;38
6685;77;38
6686;110;7
6687;67;42
6688;67;42
6689;67;42
6690;67;42
6691;67;42
6692;67;42
6693;67;42
6695;67;42
6696;67;42
6697;67;42
6698;67;42
6699;104;39
6700;104;39
6701;120;41
6702;120;41
6703;120;41
6704;120;41
6705;120;41
6706;120;41
6707;120;41
6708;120;41
6709;120;41
6710;120;41
6711;121;40
6712;121;40
6713;121;40
6714;77;38
6715;77;38
6718;101;6
6719;107;16
6720;68;43
6721;101;6
6722;77;38
6723;101;5
6723;110;5
6724;104;39
6725;104;39
6726;104;39
6727;104;39
6728;104;39
6729;104;39
6730;120;41
6731;120;41
6732;120;41
6733;120;41
6734;121;40
6735;108;32
6736;103;12
6737;103;12
6738;131;37
6739;131;37
6740;131;37
6741;131;37
6742;131;37
6743;108;32
6744;110;33
6745;108;32
6746;110;33
6747;110;33
6748;108;32
6749;110;33
6750;108;32
6751;108;32
6752;108;32
6753;110;33
6754;105;24
6755;105;24
6756;108;28
6757;108;28
6758;108;32
6759;108;32
6760;108;32
6761;68;43
6762;68;43
6763;68;43
6764;68;43
6765;68;43
6766;68;43
6767;68;43
6768;68;43
6769;68;43
6770;68;43
6771;68;43
6772;68;43
6773;68;43
6774;68;43
6775;68;43
6776;68;43
6777;68;43
6778;68;43
6779;68;43
6780;77;38
6781;110;7
6782;110;7
6783;110;7
6784;68;43
6785;110;7
6786;110;7
6787;101;6
6788;101;6
6789;101;6
6790;101;6
6791;101;6
6792;101;6
6793;101;6
6794;68;43
6797;68;43
6798;68;43
6799;68;43
6800;68;43
6801;68;43
6802;68;43
6803;68;43
6804;68;43
6805;110;7
6806;101;6
6807;101;6
6808;110;7
6809;168;8
6810;101;6
6811;101;6
6812;101;6
6813;101;6
6814;101;6
6815;107;16
6816;68;43
6817;67;42
6820;67;42
6821;67;42
6822;67;42
6823;67;42
6824;68;43
6825;110;7
6828;121;40
6830;101;6
6831;101;6
6832;101;6
6833;101;6
6834;101;6
6835;101;6
6836;101;6
6837;110;7
6838;110;7
6839;101;6
6840;101;6
6841;101;6
6842;101;6
6843;101;6
6844;101;6
6845;171;9
6846;171;9
6847;171;9
6848;168;8
6849;171;9
6850;171;9
6851;103;12
6852;103;12
6853;103;12
6854;103;12
6855;103;12
6856;103;12
6857;103;12
6858;103;12
6859;103;12
6860;103;12
6861;121;40
6862;110;7
6863;101;6
6864;101;6
6865;101;6
6866;116;17
6867;116;17
6868;107;16
6869;104;39
6870;121;40
6871;121;40
6872;68;43
6873;68;43
6874;68;43
6875;68;43
6876;68;43
6877;68;43
6878;68;43
6879;68;43
6880;68;43
6881;68;43
6882;68;43
6883;68;43
6884;68;43
6885;68;43
6886;67;42
6887;67;42
6888;67;42
6889;67;42
6890;67;42
6891;67;42
6892;67;42
6893;67;42
6894;67;42
6895;67;42
6896;67;42
6897;67;42
6898;67;42
6899;67;42
6900;67;42
6901;67;42
6902;67;42
6903;67;42
6904;67;42
6905;67;42
6906;67;42
6907;67;42
6908;67;42
6909;67;42
6910;67;42
6911;67;42
6912;68;43
6913;68;43
6914;68;43
6915;68;43
6916;68;43
6917;68;43
6918;104;39
6919;104;39
6920;120;41
6921;120;41
6922;121;40
6923;121;40
6924;110;7
6925;110;7
6926;110;7
6927;110;7
6928;110;7
6929;110;7
6930;101;6
6931;101;5
6931;110;5
6932;110;7
6933;101;6
6934;110;7
6935;68;43
6936;68;43
6937;68;43
6938;68;43
6939;68;43
6940;68;43
6941;68;43
6942;67;42
6943;67;42
6944;67;42
6945;67;42
6946;67;42
6947;68;43
6948;68;43
6949;171;9
6950;77;38
6957;103;12
6958;103;12
6959;103;12
6960;103;12
6961;103;12
6962;103;12
6963;68;43
6964;68;43
6965;68;43
6966;68;43
6967;68;43
6968;67;42
6969;67;42
6970;68;43
6971;67;42
6972;68;43
6973;108;32
6974;110;33
6975;108;32
6976;110;33
6977;108;32
6978;110;33
6979;108;32
6984;68;43
6985;67;42
6986;67;42
6987;67;42
6988;67;42
6989;67;42
6990;67;42
6991;68;43
6995;68;43
6996;68;43
6997;68;43
6998;68;43
6999;68;43
7000;68;43
7001;68;43
7002;68;43
7003;67;42
7004;67;42
7005;67;42
7006;67;42
7007;67;42
7008;67;42
7009;67;42
7010;67;42
7011;67;42
7012;67;42
7013;67;42
7014;67;42
7017;101;6
7018;171;9
7019;68;43
7020;68;43
7021;68;43
7022;68;43
7023;68;43
7024;68;43
7025;68;43
7026;67;42
7027;67;42
7028;67;42
7029;68;43
7030;121;40
7031;110;7
7032;101;6
7033;101;6
7034;101;6
7035;101;6
7036;107;16
7037;116;17
7038;77;38
7039;110;7
7041;68;43
7042;68;43
7043;68;43
7044;68;43
7045;67;42
7046;67;42
7047;67;42
7048;67;42
7049;67;42
7050;67;42
7051;67;42
7052;67;42
7053;68;43
7054;68;43
7055;68;43
7056;171;9
7057;171;9
7058;171;9
7059;171;9
7060;168;8
7061;171;9
7062;107;16
7063;107;16
7064;116;17
7065;116;17
7066;68;43
7067;68;43
7068;68;43
7069;68;43
7070;77;38
7071;101;6
7072;101;6
7074;110;7
7075;68;43
7076;77;38
7077;101;6
7078;101;6
7079;101;6
7080;68;43
7082;77;38
7083;77;38
7084;68;43
7085;68;43
7086;68;43
7087;68;43
7088;68;43
7089;68;43
7090;68;43
7091;67;42
7092;67;42
7093;67;42
7094;67;42
7095;67;42
7096;67;42
7097;68;43
7098;68;43
7099;101;6
7100;110;7
7101;68;43
7102;67;42
7104;101;6
7105;101;6
7106;110;7
7107;107;16
7108;107;15
7108;116;15
7109;107;16
7110;77;38
7111;77;38
7112;131;37
7113;131;37
7114;131;37
7115;131;37
7116;68;43
7117;68;43
7118;68;43
7119;68;43
7120;68;43
7121;68;43
7122;68;43
7123;68;43
7124;68;43
7125;68;43
7126;68;43
7127;68;43
7128;68;43
7129;68;43
7130;68;43
7131;68;43
7132;68;43
7133;68;43
7134;68;43
7135;68;43
7136;68;43
7137;68;43
7138;68;43
7139;67;42
7140;67;42
7141;67;42
7142;67;42
7143;67;42
7144;67;42
7145;67;42
7146;67;42
7147;67;42
7148;67;42
7149;67;42
7150;67;42
7151;67;42
7152;67;42
7153;67;42
7154;67;42
7155;67;42
7156;67;42
7157;67;42
7158;67;42
7159;68;43
7160;68;43
7161;68;43
7163;110;7
7164;101;5
7164;110;5
7165;171;9
7166;110;7
7167;116;17
7168;68;43
7169;68;43
7170;68;43
7171;68;43
7172;68;43
7173;68;43
7174;68;43
7175;68;43
7176;68;43
7177;68;43
7178;68;43
7179;68;43
7180;68;43
7181;68;43
7182;68;43
7183;68;43
7184;68;43
7185;68;43
7186;68;43
7187;68;43
7188;67;42
7189;67;42
7190;67;42
7191;67;42
7192;67;42
7193;116;17
7194;116;17
7195;68;43
7196;68;43
7197;68;43
7198;68;43
7199;67;42
7200;67;42
7201;68;43
7202;68;43
7203;68;43
7204;77;38
7205;103;12
7206;103;12
7207;103;12
7208;103;12
7209;103;12
7210;103;12
7211;103;12
7212;103;12
7213;103;12
7214;103;12
7215;103;12
7216;103;12
7217;113;13
7218;113;13
7219;113;13
7220;103;12
7221;103;12
7222;103;12
7223;103;12
7224;108;32
7225;104;39
7226;104;39
7227;104;39
7228;104;39
7229;104;39
7230;104;39
7231;104;39
7232;108;32
7233;108;32
7234;108;32
7235;131;37
7236;131;37
7237;131;37
7238;131;37
7239;68;43
7240;68;43
7241;68;43
7242;68;43
7243;68;43
7244;68;43
7245;68;43
7246;68;43
7247;68;43
7248;68;43
7249;68;43
7250;68;43
7251;67;42
7252;67;42
7253;67;42
7254;68;43
7255;68;43
7256;68;43
7257;68;43
7258;68;43
7259;67;42
7260;67;42
7261;68;43
7262;101;6
7263;68;43
7264;68;43
7265;67;42
7266;67;42
7267;67;42
7268;67;42
7269;67;42
7270;104;39
7271;104;39
7272;104;39
7273;110;7
7274;110;7
7275;110;7
7276;101;6
7277;101;6
7278;101;6
7279;101;6
7280;101;6
7281;101;6
7282;110;7
7283;103;12
7284;103;12
7285;103;12
7286;103;12
7287;103;12
7288;103;12
7289;103;12
7290;103;12
7291;68;43
7292;68;43
7293;68;43
7294;68;43
7295;68;43
7296;68;43
7297;68;43
7298;68;43
7299;68;43
7300;67;42
7301;67;42
7302;67;42
7303;67;42
7304;67;42
7305;67;42
7306;67;42
7307;68;43
7308;68;43
7309;68;43
7310;68;43
7311;68;43
7312;68;43
7313;77;38
7314;77;38
7315;77;38
7316;77;38
7317;77;38
7318;77;38
7319;77;38
7320;77;38
7321;77;38
7322;77;38
7323;77;38
7324;77;38
7325;104;39
7326;171;3
7328;101;6
7329;101;6
7330;101;6
7331;101;6
7332;68;43
7333;67;42
7334;67;42
7335;67;42
7336;67;42
7337;104;39
7338;104;39
7339;104;39
7342;68;43
7343;68;43
7344;67;42
7345;67;42
7346;68;43
7347;68;43
7348;110;7
7349;101;6
7350;110;7
7354;171;9
7355;110;7
7356;101;6
7357;101;6
7358;101;6
7359;101;6
7360;110;33
7361;110;33
7362;110;33
7363;108;32
7364;108;32
7365;171;3
7366;101;6
7367;101;6
7368;110;7
7369;110;7
7370;110;7
7372;110;7
7374;171;9
7375;67;42
7376;67;42
7379;68;43
7380;68;43
7381;68;43
7382;68;43
7383;68;43
7384;68;43
7385;68;43
7386;68;43
7387;68;43
7388;67;42
7389;67;42
7390;67;42
7391;67;42
7392;67;42
7393;67;42
7394;67;42
7395;67;42
7396;104;39
7397;171;9
7398;171;9
7399;171;9
7400;171;9
7401;107;16
7402;107;16
7403;171;9
7404;171;9
7405;171;9
7406;171;9
7407;168;8
7408;103;12
7409;103;12
7410;103;12
7411;103;12
7412;103;12
7413;103;12
7414;103;12
7415;103;12
7416;103;12
7417;103;12
7418;103;12
7419;103;12
7420;103;12
7421;103;12
7422;103;12
7423;103;12
7424;103;12
7425;103;12
7426;103;12
7427;103;12
7428;103;12
7429;103;12
7430;107;16
7431;107;16
7432;68;43
7433;68;43
7434;101;6
7435;68;43
7436;68;43
7437;68;43
7438;68;43
7439;68;43
7440;68;43
7441;68;43
7442;68;43
7443;68;43
7444;68;43
7445;68;43
7446;68;43
7447;68;43
7448;68;43
7449;68;43
7450;68;43
7451;68;43
7452;68;43
7453;68;43
7454;68;43
7455;68;43
7456;68;43
7457;68;43
7458;68;43
7459;68;43
7460;68;43
7461;68;43
7462;68;43
7463;68;43
7464;68;43
7465;68;43
7466;67;42
7467;67;42
7468;67;42
7469;67;42
7470;67;42
7471;67;42
7472;67;42
7473;67;42
7474;67;42
7475;67;42
7476;67;42
7477;67;42
7478;68;43
7479;68;43
7480;68;43
7481;68;43
7482;68;43
7483;68;43
7484;68;43
7485;68;43
7490;102;34
7493;120;41
7494;120;41
7498;110;7
7499;171;9
7500;171;9
7501;68;43
7502;68;43
7503;68;43
7504;68;43
7505;68;43
7506;68;43
7507;68;43
7508;68;43
7509;67;42
7510;67;42
7511;67;42
7512;67;42
7513;67;42
7514;68;43
7515;68;43
7516;68;43
7517;68;43
7518;68;43
7521;110;7
7522;101;6
7523;110;7
7524;101;6
7525;101;6
7526;101;6
7527;177;10
7528;68;43
7529;68;43
7530;68;43
7531;68;43
7532;68;43
7533;68;43
7534;68;43
7535;68;43
7536;68;43
7537;68;43
7538;68;43
7539;67;42
7540;67;42
7541;67;42
7542;67;42
7543;67;42
7544;67;42
7545;67;42
7546;67;42
7547;68;43
7548;68;43
7549;68;43
7550;68;43
7551;68;43
7552;110;7
7553;101;6
7554;101;6
7555;103;12
7556;103;12
7557;103;12
7558;103;12
7559;103;12
7560;103;12
7561;113;13
7562;103;12
7563;103;12
7564;103;12
7565;103;12
7566;103;12
7567;103;12
7568;103;12
7569;103;12
7570;103;12
7571;103;12
7572;103;12
7573;103;12
7574;103;12
7575;103;12
7576;103;12
7577;103;12
7578;103;12
7579;103;12
7580;103;12
7581;103;12
7582;103;12
7583;103;12
7584;103;12
7585;103;12
7586;103;12
7587;103;12
7588;103;12
7590;68;43
7591;68;43
7592;68;43
7593;68;43
7594;67;42
7595;68;43
7596;68;43
7597;101;6
7598;101;6
7599;110;7
7601;110;7
7602;101;6
7603;101;6
7604;110;7
7605;168;8
7606;168;8
7607;171;9
7608;171;9
7609;103;12
7610;103;12
7611;103;12
7612;103;12
7613;104;39
7614;104;39
7615;104;39
7616;110;33
7617;108;32
7618;110;33
7619;110;33
7620;108;32
7621;108;32
7622;171;3
7623;171;3
7624;110;7
7625;101;6
7626;101;6
7627;103;12
7628;103;12
7629;103;12
7630;103;12
7631;103;12
7632;103;12
7633;103;12
7634;68;43
7635;68;43
7636;68;43
7637;68;43
7638;68;43
7639;67;42
7640;67;42
7641;67;42
7642;103;12
7643;103;12
7644;103;12
7645;103;12
7646;103;12
7647;103;12
7648;103;12
7649;103;12
7650;103;12
7651;67;42
7652;68;43
7653;68;43
7654;68;43
7655;67;42
7656;67;42
7657;68;43
7658;68;43
7659;67;42
7660;67;42
7661;68;43
7662;68;43
7663;110;7
7664;110;7
7665;110;7
7666;101;6
